Substance,Dosage_mg,Unit,Study_ID,Dose_Type,Norm_Text
LSD,0.005,mg,3638,absolute,"5, 10, and 20 µg"
LSD,0.02,mg,3638,absolute,"5, 10, and 20 µg"
LSD,0.005,mg,3638,absolute,5 µg
LSD,0.01,mg,3638,absolute,10 µg
LSD,0.02,mg,3638,absolute,20 µg
LSD,0.005,mg,3638,absolute,5-20 µg
LSD,0.02,mg,3638,absolute,5-20 µg
Ketamine,18.2,mg,1961,relative_weight,0.26 mg/kg
Ketamine,17.5,mg,1961,relative_weight_time,0.25 mg/kg/h
Ketamine,35.0,mg,6361,relative_weight,0.5 mg/kg
Psilocybin,20.0,mg,1866,relative_weight,20 mg/70 kg
Psilocybin,30.0,mg,1866,relative_weight,30 mg/70 kg
Psilocybin,30.0,mg,6295,absolute,30 mg
Psilocybin,1.0,mg,6295,absolute,1 mg
Ketamine,70.0,mg,153,relative_weight,1 mg/kg
Ketamine,7.0,mg,1364,relative_weight,0.1-0.5 mg/kg
Ketamine,35.0,mg,1364,relative_weight,0.1-0.5 mg/kg
S-Ketamine,7.0,mg,1364,relative_weight,0.1-0.5 mg/kg
S-Ketamine,35.0,mg,1364,relative_weight,0.1-0.5 mg/kg
Ketamine,35.0,mg,1364,relative_weight,0.5–1 mg/kg
S-Ketamine,35.0,mg,1364,relative_weight,0.5–1 mg/kg
Psilocybin,25.0,mg,3492,absolute,25 mg
Ibogaine,80.0,mg,2912,absolute,80 mg
Ibogaine,10.0,mg,2912,absolute,"10, 20, 30, or 40 mg"
Ibogaine,40.0,mg,2912,absolute,"10, 20, 30, or 40 mg"
Ibogaine,670.0,mg,2912,absolute,670 mg
Ibogaine,653.0,mg,2912,absolute,653 mg
Ibogaine,640.0,mg,2912,absolute,640‐670 mg
Ibogaine,670.0,mg,2912,absolute,640‐670 mg
Ketamine,35.0,mg,6362,relative_weight,0.5 mg/kg
Ketamine,35.0,mg,8836,relative_weight,0.5 mg/kg
Ketamine,35.0,mg,2605,relative_weight,0.5 mg/kg
Ketamine,35.0,mg,2207,relative_weight,0.5 mg/kg
Ketamine,18.2,mg,4574,relative_weight,0.26 mg/kg
Ketamine,45.5,mg,4574,relative_weight_time,0.65 mg/kg/h
DMT,60.0,mg,6268,absolute,60 mg
DMT,1.0,mg,6268,absolute,1 mg
Ketamine,35.0,mg,5598,relative_weight,0.5-1.25 mg/kg
Ketamine,87.5,mg,5598,relative_weight,0.5-1.25 mg/kg
R-Ketamine,35.0,mg,5598,relative_weight,0.5-1.25 mg/kg
R-Ketamine,87.5,mg,5598,relative_weight,0.5-1.25 mg/kg
S-Ketamine,35.0,mg,5598,relative_weight,0.5-1.25 mg/kg
S-Ketamine,87.5,mg,5598,relative_weight,0.5-1.25 mg/kg
LSD,0.005,mg,2118,absolute,5-15 µg
LSD,0.015,mg,2118,absolute,5-15 µg
Ketamine,35.0,mg,777,relative_weight,0.5 mg/kg
S-Ketamine,84.0,mg,1240,absolute,84 mg
Ketamine,35.0,mg,1441,relative_weight,0.5 mg/kg
Ketamine,14.0,mg,1441,relative_weight,0.2 mg/kg
Ketamine,35.0,mg,2232,relative_weight,0.5 mg/kg
Ketamine,25.0,mg,3371,absolute,25 mg
Ketamine,10.0,mg,3371,absolute,10 mg
Ketamine,35.0,mg,3820,relative_weight,0.5 mg/kg
Ketamine,35.0,mg,4916,relative_weight,0.5 mg/kg
Ketamine,17.5,mg,5020,relative_weight,0.25 mg/kg
Ketamine,35.0,mg,5020,relative_weight,0.5 mg/kg
S-Ketamine,84.0,mg,5968,absolute,84 mg
MDMA,125.0,mg,6000,absolute,125 mg
MDMA,62.5,mg,6000,absolute,62.5 mg
Psilocybin,30.0,mg,6044,relative_weight,30 mg/70 kg
MDMA,80.0,mg,6103,absolute,80 mg
MDMA,120.0,mg,6103,absolute,120 mg
MDMA,40.0,mg,6103,absolute,40 or 60 mg
MDMA,60.0,mg,6103,absolute,40 or 60 mg
MDMA,80.0,mg,6103,absolute,80 mg-180
MDMA,180.0,mg,6103,absolute,80 mg-180
Ketamine,90.0,mg,6221,absolute,90 mg
Ketamine,70.0,mg,8606,relative_weight,1 mg/kg
DMT,42.0,mg,8889,relative_time,0.6 mg/min
DMT,70.0,mg,8889,relative_time,1 mg/min
DMT,15.0,mg,8889,absolute,15 mg
DMT,25.0,mg,8889,absolute,25 mg
DMT,42.0,mg,8889,relative_time,0.6 or 1 mg/min
DMT,70.0,mg,8889,relative_time,0.6 or 1 mg/min
DMT,2.8000000000000003,mg,8320,relative_weight,0.04 and 0.4 mg/kg
DMT,28.0,mg,8320,relative_weight,0.04 and 0.4 mg/kg
DMT,14.0,mg,8320,relative_weight,0.2 and 0.4 mg/kg
DMT,28.0,mg,8320,relative_weight,0.2 and 0.4 mg/kg
DMT,3.5,mg,8320,relative_weight,0.1 and 0.05 mg/kg
DMT,7.0,mg,8320,relative_weight,0.1 and 0.05 mg/kg
DMT,7.0,mg,8320,relative_weight,0.1 mg/kg
MDMA,75.0,mg,8457,relative_weight,"75, 110 and 145 mg/70 kg"
MDMA,145.0,mg,8457,relative_weight,"75, 110 and 145 mg/70 kg"
Psilocybin,15.0,mg,3631,absolute,"15, 25, and 30 mg"
Psilocybin,30.0,mg,3631,absolute,"15, 25, and 30 mg"
Ketamine,35.0,mg,2556,relative_weight,0.5 mg/kg
Psilocybin,10.0,mg,1254,relative_weight,"10, 20, 30 mg/70 kg"
Psilocybin,30.0,mg,1254,relative_weight,"10, 20, 30 mg/70 kg"
Ketamine,35.0,mg,7903,relative_weight,0.5 mg/kg
Ketamine,35.0,mg,8611,relative_weight,0.5 mg/kg
Ketamine,14.0,mg,8611,relative_weight,0.2 mg/kg
Ketamine,70.0,mg,6591,relative_weight,1 mg/kg
Ketamine,210.0,mg,6591,relative_weight,3 mg/kg
MDMA,100.0,mg,5738,absolute,100 mg
Ketamine,35.0,mg,7945,relative_weight,0.5 mg/kg
MDMA,100.0,mg,3533,absolute,100 mg
S-Ketamine,35.0,mg,3354,relative_weight,0.5 mg/kg
S-Ketamine,0.7000000000000001,mg,3354,relative_weight_time,0.01 mg/kg/h
LSD,0.013,mg,1958,absolute,13 or 26 μg
LSD,0.026,mg,1958,absolute,13 or 26 μg
LSD,0.013,mg,1958,absolute,13 μg
LSD,0.026,mg,1958,absolute,26 μg
LSD,0.0,mg,3765,absolute,"0, 5, 10, and 20 µg"
LSD,0.02,mg,3765,absolute,"0, 5, 10, and 20 µg"
LSD,0.005,mg,3765,absolute,"5, 10, and 20 µg"
LSD,0.02,mg,3765,absolute,"5, 10, and 20 µg"
LSD,0.005,mg,3765,absolute,5 µg=10
LSD,0.01,mg,3765,absolute,5 µg=10
LSD,0.01,mg,3765,absolute,10 µg=
LSD,0.02,mg,3765,absolute,20 µg=8
LSD,0.008,mg,3765,absolute,20 µg=8
LSD,0.005,mg,3765,absolute,"5, 10 and 20 µg"
LSD,0.02,mg,3765,absolute,"5, 10 and 20 µg"
LSD,0.02,mg,3765,absolute,20 µg
LSD,0.01,mg,3765,absolute,10 µg
LSD,0.005,mg,3765,absolute,5 µg
Ketamine,35.0,mg,9339,relative_weight,0.5 mg/kg
Ketamine,50.0,mg,9339,absolute,50 mg
Ketamine,7.0,mg,9339,relative_weight,0.1-0.4 mg/kg
Ketamine,28.0,mg,9339,relative_weight,0.1-0.4 mg/kg
Ketamine,7.0,mg,9339,relative_weight,0.1-0.5 mg/kg
Ketamine,35.0,mg,9339,relative_weight,0.1-0.5 mg/kg
Ketamine,10.5,mg,6954,relative_weight_time,0.15-0.3 mg/kg/h
Ketamine,21.0,mg,6954,relative_weight_time,0.15-0.3 mg/kg/h
Ketamine,21.0,mg,6954,relative_weight,0.3 mg/kg
Ketamine,35.0,mg,6364,relative_weight,0.5 mg/kg
Ketamine,35.0,mg,7554,relative_weight,0.5 mg/kg
S-Ketamine,35.0,mg,6171,relative_weight,0.5 mg/kg
S-Ketamine,0.14,mg,6171,relative_weight_time,2 μg/kg/min
S-Ketamine,0.28,mg,6171,relative_weight_time,4 μg/kg/min
MDMA,75.0,mg,159,absolute,75 mg
MDMA,125.0,mg,159,absolute,125 mg
MDMA,175.0,mg,159,absolute,175 mg
MDMA,225.0,mg,159,absolute,225 mg
S-Ketamine,35.0,mg,4410,relative_weight,0.5 mg/kg
Ketamine,35.0,mg,6449,relative_weight,0.5 mg/kg
Psilocybin,25.0,mg,6137,absolute,25 mg
Ketamine,35.0,mg,9572,relative_weight,0.5 mg/kg
MDMA,52.5,mg,790,relative_weight,0.75 mg/kg
MDMA,105.0,mg,790,relative_weight,1.5 mg/kg
MDMA,125.0,mg,790,absolute,125 mg
MDMA,100.0,mg,5274,absolute,100 mg
S-Ketamine,56.0,mg,2422,absolute,56 mg or 84 mg
S-Ketamine,84.0,mg,2422,absolute,56 mg or 84 mg
MDMA,105.0,mg,4969,relative_weight,1.5 mg/kg
Psilocybin,15.0,mg,6403,absolute,15 mg
LSD,0.005,mg,2482,absolute,5 μg
LSD,0.01,mg,2482,absolute,10 μg
LSD,0.02,mg,2482,absolute,20 μg
Ketamine,10.0,mg,6007,absolute,10 mg
Psilocybin,25.0,mg,56,absolute,25 mg
Psilocybin,7.0,mg,5789,relative_weight,100 µg/kg
Psilocybin,14.0,mg,5789,relative_weight,200 µg/kg
Psilocybin,21.0,mg,5789,relative_weight,300 µg/kg
Psilocybin,1.75,mg,5789,relative_weight,25 µg/kg
Ketamine,35.0,mg,4732,relative_weight,0.5 mg/kg
Ketamine,21.0,mg,8706,relative_weight,0.3 mg/kg
Ketamine,35.0,mg,4922,relative_weight,0.5 mg/kg
Ketamine,35.0,mg,7573,relative_weight,0.5 mg/kg
MDMA,75.0,mg,1829,absolute,75-125 mg
MDMA,125.0,mg,1829,absolute,75-125 mg
S-Ketamine,10.0,mg,128,absolute,10 mg
Ketamine,35.0,mg,135,relative_weight,0.5 mg/kg
Ketamine,10.5,mg,687,relative_weight,0.15 mg/kg
Ketamine,0.098,mg,687,relative_weight_time,1.4 µg/kg/min
MDMA,35.0,mg,791,relative_weight,0.5 mg/kg
MDMA,75.0,mg,1216,absolute,75 and 125 mg
MDMA,125.0,mg,1216,absolute,75 and 125 mg
MDMA,100.0,mg,2516,absolute,100 mg
S-Ketamine,14.0,mg,3728,relative_weight,0.2 mg/kg
S-Ketamine,28.0,mg,3728,relative_weight,0.4 mg/kg
Ketamine,7.0,mg,4579,relative_weight,0.1 mg/kg
Ketamine,35.0,mg,4579,relative_weight,0.5 mg/kg
Ketamine,35.0,mg,5834,relative_weight,0.5 mg/kg
Ketamine,35.0,mg,6357,relative_weight,0.5 mg/kg
MDMA,50.0,mg,6952,absolute,50-200 mg
MDMA,200.0,mg,6952,absolute,50-200 mg
MDMA,100.0,mg,6952,absolute,100 mg
Ketamine,35.0,mg,7078,relative_weight,0.5 mg/kg
MDMA,125.0,mg,6016,absolute,125 mg
Ketamine,15.0,mg,6869,absolute,15 mg
Ketamine,35.0,mg,9277,relative_weight,0.5 mg/kg
MDMA,70.0,mg,4049,relative_weight,1.0 and 1.5 mg/kg
MDMA,105.0,mg,4049,relative_weight,1.0 and 1.5 mg/kg
Ketamine,35.0,mg,8062,relative_weight,0.5 mg/kg
MDMA,125.0,mg,8271,absolute,125 mg
Ketamine,18.2,mg,4578,relative_weight,0.26 mg/kg
Psilocybin,18.2,mg,6643,relative_weight,0.26 mg/kg
MDMA,35.0,mg,4356,relative_weight,0.5 or 1.0 mg/kg
MDMA,70.0,mg,4356,relative_weight,0.5 or 1.0 mg/kg
Ketamine,35.0,mg,8052,relative_weight,0.5 mg/kg
Ketamine,35.0,mg,1488,relative_weight,0.5 mg/kg
MDMA,0.0,mg,4641,absolute,"0, 75, and 100 mg"
MDMA,100.0,mg,4641,absolute,"0, 75, and 100 mg"
S-Ketamine,84.0,mg,5828,absolute,84 mg
MDMA,120.0,mg,161,absolute,120 mg
MDMA,40.0,mg,161,absolute,40 mg
MDMA,75.0,mg,4652,absolute,75 mg
Ketamine,35.0,mg,9484,relative_weight,0.5 mg/kg
Psilocybin,15.0,mg,8795,relative_weight,15 mg/70 kg
Psilocybin,25.0,mg,8795,relative_weight,25 mg/70 kg
Ketamine,25.0,mg,162,absolute,25 mg
Ketamine,50.0,mg,162,absolute,50 mg
Ketamine,100.0,mg,162,absolute,100 mg
Ketamine,35.0,mg,5171,relative_weight,0.5 mg/kg
Ketamine,35.0,mg,9182,relative_weight,0.5 mg/kg
Ketamine,16.1,mg,7186,relative_weight,0.23 mg/kg
MDMA,100.0,mg,2227,absolute,100 mg
Ketamine,210.0,mg,7113,relative_weight,3 mg/kg
Ketamine,420.0,mg,7113,relative_weight,6 mg/kg
R-Ketamine,30.0,mg,2395,absolute,30 mg
R-Ketamine,60.0,mg,2395,absolute,60 mg
Psilocybin,10.0,mg,6198,relative_weight,10 mg/70 kg
Ketamine,35.0,mg,9570,relative_weight,0.5 mg/kg
Psilocybin,15.0,mg,8907,absolute,15 or 20 mg
Psilocybin,20.0,mg,8907,absolute,15 or 20 mg
LSD,0.07,mg,7344,relative_weight,1 µg/kg
LSD,0.1,mg,5873,absolute,100 μg
Psilocybin,10.0,mg,1884,absolute,10 mg
S-Ketamine,10.0,mg,1884,absolute,10 mg
Psilocybin,25.0,mg,1884,absolute,25 mg
S-Ketamine,25.0,mg,1884,absolute,25 mg
Psilocybin,1.0,mg,1884,absolute,1 mg
S-Ketamine,1.0,mg,1884,absolute,1 mg
Ketamine,35.0,mg,5917,relative_weight,0.5 mg/kg
LSD,0.2,mg,7890,absolute,200-500 µg
LSD,0.5,mg,7890,absolute,200-500 µg
Ketamine,35.0,mg,5919,relative_weight,0.5 mg/kg
MDMA,30.0,mg,7822,absolute,30 mg
MDMA,70.0,mg,7822,absolute,70 mg
Ketamine,35.0,mg,3181,relative_weight,0.5 mg/kg
S-Ketamine,20.0,mg,6380,relative_weight,20 mg/70 kg
S-Ketamine,40.0,mg,6380,relative_weight,40 mg/70 kg
Ketamine,17.5,mg,1347,relative_weight,0.25-1 mg/kg
Ketamine,70.0,mg,1347,relative_weight,0.25-1 mg/kg
Ketamine,20.0,mg,6683,absolute,20-360 mg
Ketamine,360.0,mg,6683,absolute,20-360 mg
Ketamine,140.0,mg,4558,relative_weight,2.0 mg/kg
Ketamine,14.0,mg,4558,relative_weight,0.2 mg/kg
Ketamine,35.0,mg,9596,relative_weight,0.5 mg/kg
Psilocybin,21.0,mg,7484,relative_weight,0.3 mg/kg
Ketamine,35.0,mg,7941,relative_weight,0.5 mg/kg
MDMA,80.0,mg,6262,absolute,80‐160 mg
MDMA,160.0,mg,6262,absolute,80‐160 mg
S-Ketamine,56.0,mg,7011,absolute,56 or 84 mg
S-Ketamine,84.0,mg,7011,absolute,56 or 84 mg
MDMA,100.0,mg,2223,absolute,100 mg
Ibogaine,60.0,mg,2995,absolute,"60, 120, or 180 mg"
Ibogaine,180.0,mg,2995,absolute,"60, 120, or 180 mg"
Ibogaine,60.0,mg,2995,absolute,"60, 120, and 180 mg"
Ibogaine,180.0,mg,2995,absolute,"60, 120, and 180 mg"
Ibogaine,120.0,mg,2995,absolute,120 mg
LSD,0.0,mg,4633,absolute,"0, 5, 10, and 20 μg"
LSD,0.02,mg,4633,absolute,"0, 5, 10, and 20 μg"
LSD,0.005,mg,4633,absolute,"5, 10, and 20 μg"
LSD,0.02,mg,4633,absolute,"5, 10, and 20 μg"
S-Ketamine,84.0,mg,1238,absolute,84 mg
Ketamine,14.0,mg,5071,relative_weight,0.2 mg/kg
Ketamine,28.0,mg,5071,relative_weight,0.4 mg/kg
DMT,40.0,mg,5628,absolute,40-75 mg
DMT,75.0,mg,5628,absolute,40-75 mg
Ketamine,175.0,mg,2936,relative_weight,2.5 mg./kg
LSD,0.1,mg,6157,absolute,100 μg
LSD,0.05,mg,6247,absolute,50 µg
Psilocybin,25.0,mg,1264,absolute,25 mg
Psilocybin,1.0,mg,1264,absolute,1 mg
Ketamine,35.0,mg,8481,relative_weight,0.5 mg/kg
Psilocybin,22.05,mg,8100,relative_weight,315 μg/kg
Psilocybin,25.0,mg,2426,absolute,25 mg
Ketamine,17.5,mg,9340,relative_weight,0.25 mg/kg
Ketamine,50.0,mg,4729,absolute,50 mg
LSD,0.1,mg,2099,absolute,100 μg
MDMA,0.0,mg,7168,absolute,"0, 75, and 100 mg"
MDMA,100.0,mg,7168,absolute,"0, 75, and 100 mg"
Ketamine,35.0,mg,3592,relative_weight,0.5 mg/kg
S-Ketamine,35.0,mg,3592,relative_weight,0.5 mg/kg
Ketamine,15.0,mg,6870,absolute,15 mg
DMT,21.0,mg,8319,relative_weight,0.3 mg/kg
Psilocybin,21.0,mg,6058,relative_weight,0.3 mg/kg
Psilocybin,20.0,mg,6058,relative_weight,20 mg/70 kg
Psilocybin,31.5,mg,6058,relative_weight,0.45 mg/kg
Psilocybin,30.0,mg,6058,relative_weight,30 mg/70 kg
Psilocybin,42.0,mg,6058,relative_weight,0.6 mg/kg
Psilocybin,40.0,mg,6058,relative_weight,40 mg/70 kg
Ketamine,35.0,mg,1731,relative_weight,0.5 mg/kg
MDMA,105.0,mg,4966,relative_weight,1.5 mg/kg
Ketamine,16.1,mg,4581,relative_weight,0.23 mg/kg
Ketamine,40.599999999999994,mg,4581,relative_weight,0.58 mg/kg
Ketamine,5.67,mg,4581,relative_weight,0.081 mg/kg
LSD,0.1,mg,2106,absolute,100 μg
LSD,0.2,mg,2106,absolute,200 μg
S-Ketamine,84.0,mg,2398,absolute,84 mg
Psilocybin,11.200000000000001,mg,4508,relative_weight,0.16 mg/kg
Ketamine,35.0,mg,5082,relative_weight,0.5 mg/kg
MDMA,125.0,mg,9257,absolute,125 mg
LSD,50.0,mg,9149,absolute,50
Ketamine,14.0,mg,1444,relative_weight,"0.2, and 0.5 mg/kg"
Ketamine,35.0,mg,1444,relative_weight,"0.2, and 0.5 mg/kg"
Ayahuasca,70.0,mg,6261,relative_weight,"1, 2, or 3 ml sm‐001/kg"
Ayahuasca,210.0,mg,6261,relative_weight,"1, 2, or 3 ml sm‐001/kg"
Ketamine,35.0,mg,1647,relative_weight,0.5 mg/kg
LSD,0.1,mg,3442,absolute,100 µg
LSD,0.05,mg,3442,absolute,50 µg
MDMA,70.0,mg,2161,relative_weight,1 mg/kg
Psilocybin,21.0,mg,5249,relative_weight,0.3 mg/kg
Ketamine,35.0,mg,2035,relative_weight,0.5 mg/kg
MDMA,105.0,mg,515,relative_weight,1.5 mg/kg
Psilocybin,18.2,mg,7124,relative_weight,260 μg/kg
Ketamine,35.0,mg,8837,relative_weight,0.5 mg/kg
Ketamine,35.0,mg,260,relative_weight,0.5 mg/kg
Psilocybin,25.0,mg,164,absolute,25 mg
Ibogaine,1540.0,mg,1083,absolute,1540 mg
LSD,100.0,mg,7050,absolute,100 mg
Ketamine,35.0,mg,5048,relative_weight,0.5 mg/kg
Ketamine,35.0,mg,5001,relative_weight,0.5 mg/kg
Ketamine,35.0,mg,486,relative_weight,0.5 mg/kg
Ketamine,70.0,mg,486,relative_weight,1.0 mg/kg
LSD,0.1,mg,4506,absolute,100 µg
Psilocybin,25.0,mg,6292,absolute,25 mg
MDMA,100.0,mg,8307,absolute,100 mg
LSD,0.1,mg,698,absolute,100 µg
S-Ketamine,84.0,mg,2053,absolute,84 mg
Ketamine,35.0,mg,6108,relative_weight,0.5 mg/kg
Ketamine,14.0,mg,4739,relative_weight,0.2 mg/kg
Psilocybin,25.0,mg,151,absolute,25 mg
Psilocybin,25.0,mg,151,absolute,25 or 30 mg
Psilocybin,30.0,mg,151,absolute,25 or 30 mg
Psilocybin,30.0,mg,151,absolute,30 mg
Psilocybin,10.0,mg,1255,relative_weight,"10, 20, 30 mg/70 kg"
Psilocybin,30.0,mg,1255,relative_weight,"10, 20, 30 mg/70 kg"
Ketamine,35.0,mg,8746,relative_weight,0.5 mg/kg
S-Ketamine,84.0,mg,3818,absolute,84 mg
MDMA,75.0,mg,3799,absolute,75 mg
MDMA,125.0,mg,3799,absolute,125 mg
MDMA,100.0,mg,3799,absolute,100 mg
Ketamine,35.0,mg,1439,relative_weight,0.5 mg/kg
Ketamine,14.0,mg,1439,relative_weight,0.2 mg/kg
LSD,0.15,mg,6228,absolute,150 µg
LSD,0.25,mg,6228,absolute,250 µg
MDMA,35.0,mg,4353,relative_weight,0.5 or 1.0 mg/kg
MDMA,70.0,mg,4353,relative_weight,0.5 or 1.0 mg/kg
Ketamine,35.0,mg,9565,relative_weight,0.5 mg/kg
Ketamine,7.0,mg,127,relative_weight,0.1-2 mg/kg
Ketamine,140.0,mg,127,relative_weight,0.1-2 mg/kg
Ketamine,7.0,mg,127,relative_weight,"0.1, 0.25 and 0.5 mg/kg"
Ketamine,35.0,mg,127,relative_weight,"0.1, 0.25 and 0.5 mg/kg"
Ketamine,35.0,mg,127,relative_weight,"0.5, 1, and 2 mg/kg"
Ketamine,140.0,mg,127,relative_weight,"0.5, 1, and 2 mg/kg"
Psilocybin,7.0,mg,6116,relative_weight,0.1 mg/kg
Psilocybin,21.0,mg,6116,relative_weight,0.3 mg/kg
Ketamine,35.0,mg,5173,relative_weight,0.5 mg/kg
MDMA,125.0,mg,6021,absolute,125 mg
Ketamine,42.0,mg,4841,relative_weight_time,0.6 mg/kg/h
Ketamine,35.0,mg,4841,relative_weight,0.5 mg/kg
Ketamine,35.0,mg,2539,relative_weight,0.5 mg/kg
Ketamine,35.0,mg,9173,relative_weight,0.5 mg/kg
R-Ketamine,35.0,mg,4782,relative_weight,0.5 mg/kg
Ketamine,56.0,mg,9198,absolute,56 or 84 mg
Ketamine,84.0,mg,9198,absolute,56 or 84 mg
S-Ketamine,56.0,mg,9198,absolute,56 or 84 mg
S-Ketamine,84.0,mg,9198,absolute,56 or 84 mg
Ketamine,70.0,mg,6321,relative_weight,1.0 mg/kg
MDMA,75.0,mg,5695,absolute,75-125 mg
MDMA,125.0,mg,5695,absolute,75-125 mg
MDMA,0.0,mg,5695,absolute,0-40 mg
MDMA,40.0,mg,5695,absolute,0-40 mg
Psilocybin,25.0,mg,166,absolute,25 mg
MDMA,105.0,mg,4355,relative_weight,1.5 mg/kg
MDMA,125.0,mg,4355,absolute,125 mg
MDMA,105.0,mg,8909,relative_weight,1.5 mg/kg
Psilocybin,25.0,mg,165,absolute,25 mg
Ketamine,16.1,mg,8295,relative_weight,0.23 mg/kg
Ketamine,44.800000000000004,mg,8295,relative_weight_time,0.64 mg/kg/h
Ketamine,35.0,mg,2250,relative_weight,0.5 mg/kg
Ketamine,210.0,mg,2250,relative_weight,3.0 mg/kg
MDMA,75.0,mg,6439,absolute,75 mg
MDMA,70.0,mg,4451,relative_weight,1.0 mg/kg
MDMA,112.0,mg,4451,relative_weight,1.6 mg/kg
MDMA,46.0,mg,4451,absolute,46-150 mg
MDMA,150.0,mg,4451,absolute,46-150 mg
Psilocybin,25.0,mg,7519,absolute,25 mg
Ketamine,75.0,mg,2419,absolute,75 mg
Ketamine,7.0,mg,4685,relative_weight,0.1-0.5 mg/kg
Ketamine,35.0,mg,4685,relative_weight,0.1-0.5 mg/kg
Ketamine,21.0,mg,4685,relative_weight,0.3 mg/kg
Ketamine,35.0,mg,1228,relative_weight,0.5 mg/kg
Ketamine,210.0,mg,1228,relative_weight,3.0 mg/kg
Ketamine,0.25,mg,2998,absolute,0.25
Ketamine,0.5,mg,2998,absolute,0.5
Ketamine,70.0,mg,2998,relative_weight,1 mg/kg
Ketamine,17.5,mg,2998,relative_weight,0.25 mg/kg
Ketamine,35.0,mg,2998,relative_weight,0.5-1 mg/kg
Ketamine,70.0,mg,2998,relative_weight,0.5-1 mg/kg
Ketamine,35.0,mg,2957,relative_weight,0.5 mg/kg
Ketamine,7.0,mg,8636,relative_weight,0.1‐0.2 mg/kg/dose
Ketamine,14.0,mg,8636,relative_weight,0.1‐0.2 mg/kg/dose
Ketamine,7.0,mg,8636,relative_weight,0.1‐0.2 mg/kg
Ketamine,14.0,mg,8636,relative_weight,0.1‐0.2 mg/kg
Psilocybin,25.0,mg,5597,absolute,25 mg
Ketamine,16.1,mg,6220,relative_weight,0.23 mg/kg
Ketamine,4.2,mg,6220,relative_weight,0.06 mg/kg
Ketamine,8.75,mg,6220,relative_weight,0.125 mg/kg
Ketamine,20.0,mg,6220,absolute,20 mg
Ketamine,7.0,mg,5644,relative_weight,"0.1, 0.2, 0.3, 0.4, or 0.5 mg/kg"
Ketamine,35.0,mg,5644,relative_weight,"0.1, 0.2, 0.3, 0.4, or 0.5 mg/kg"
Ketamine,50.0,mg,7466,absolute,50−150 mg
Ketamine,150.0,mg,7466,absolute,50−150 mg
Ketamine,35.0,mg,2538,relative_weight,0.5 mg/kg
S-Ketamine,28.0,mg,6446,relative_weight,0.4 mg/kg
MDMA,105.0,mg,9446,relative_weight,1.5 mg/kg
Psilocybin,15.049999999999999,mg,8923,relative_weight,0.215 mg/kg
Psilocybin,4.0,mg,167,absolute,4 mg
Psilocybin,2.0,mg,167,absolute,2 mg
Ketamine,35.0,mg,9566,relative_weight,0.5 mg/kg
Psilocybin,14.0,mg,2245,relative_weight,0.2 mg/kg
Psilocybin,2.0,mg,4786,absolute,2 mg
MDMA,75.0,mg,4650,absolute,75 mg
Ketamine,17.5,mg,3000,relative_weight,"0.25, 0.5, 1 mg/kg"
Ketamine,70.0,mg,3000,relative_weight,"0.25, 0.5, 1 mg/kg"
MDMA,125.0,mg,2102,absolute,125 mg
Ketamine,35.0,mg,2535,relative_weight,0.5 mg/kg
MDMA,75.0,mg,4635,absolute,75 mg
MDMA,750.0,mg,4635,absolute,750 mg
MDMA,80.0,mg,6121,absolute,80 mg or 120 mg
MDMA,120.0,mg,6121,absolute,80 mg or 120 mg
MDMA,40.0,mg,6121,absolute,40 or 60 mg
MDMA,60.0,mg,6121,absolute,40 or 60 mg
MDMA,80.0,mg,6121,absolute,80 mg-180
MDMA,180.0,mg,6121,absolute,80 mg-180
Ketamine,35.0,mg,9171,relative_weight,0.5-0.54 mg/kg
Ketamine,37.800000000000004,mg,9171,relative_weight,0.5-0.54 mg/kg
LSD,0.1,mg,7753,absolute,100 µg
Psilocybin,25.0,mg,8219,absolute,25 mg
Ketamine,35.0,mg,9501,relative_weight,0.5 mg/kg
Ketamine,14.0,mg,9501,relative_weight,0.2 mg/kg
LSD,0.1,mg,6189,absolute,100 μg
MDMA,100.0,mg,7041,absolute,100 mg
LSD,0.02,mg,2418,absolute,20 µg
MDMA,100.0,mg,1286,absolute,100 mg
Ketamine,52.5,mg,1345,relative_weight,0.75 mg/kg
LSD,0.2,mg,7739,absolute,200 μg
Ketamine,44.1,mg,6470,relative_weight,0.63 mg/kg
Ketamine,21.0,mg,6470,relative_weight,0.30 - 2.98 mg/kg
Ketamine,208.6,mg,6470,relative_weight,0.30 - 2.98 mg/kg
MDMA,125.0,mg,8868,absolute,125 mg
Psilocybin,25.0,mg,4885,absolute,25 mg
Ketamine,35.0,mg,1447,relative_weight,0.5 mg/kg
Ketamine,14.0,mg,1447,relative_weight,0.2 mg/kg
Ketamine,35.0,mg,558,relative_weight,0.5 mg/kg
Psilocybin,16.1,mg,8101,relative_weight,230 μg/kg
Ketamine,56.7,mg,9419,relative_weight,0.81 mg/kg
MDMA,75.0,mg,4701,absolute,75 mg
Ketamine,10.5,mg,7980,relative_weight_time,0.15 mg/kg/h
Ketamine,42.0,mg,7980,relative_weight_time,0.6 mg/kg/h
Ketamine,37.800000000000004,mg,7980,relative_weight_time,0.54 mg/kg/h
Ketamine,35.0,mg,7946,relative_weight,0.5 mg/kg
Ketamine,35.0,mg,7414,relative_weight,0.5 mg/kg
LSD,0.1,mg,6111,absolute,100 µg
S-Ketamine,17.5,mg,9071,relative_weight,0.25 mg/kg
Ketamine,56.0,mg,6302,relative_weight,0.8 mg/kg
Ketamine,5.0,mg,6496,absolute,5 mg
S-Ketamine,14.0,mg,8051,relative_weight,0.20 mg/kg
S-Ketamine,28.0,mg,8051,relative_weight,0.40 mg/kg
Psilocybin,20.0,mg,640,relative_weight,20 mg/70 kg
MDMA,120.0,mg,6176,absolute,120 mg
MDMA,60.0,mg,6176,absolute,60 mg
Psilocybin,10.01,mg,7719,relative_weight,0.143 mg/kg
MDMA,125.0,mg,6035,absolute,125 vs. 25 mg
MDMA,25.0,mg,6035,absolute,125 vs. 25 mg
MDMA,62.5,mg,6035,absolute,125 and 62.5 mg
MDMA,125.0,mg,6035,absolute,125 and 62.5 mg
MDMA,25.0,mg,6035,absolute,25 and 125. mg
MDMA,125.0,mg,6035,absolute,25 and 125. mg
LSD,0.05,mg,4905,absolute,"50, 100 and 200 µg"
LSD,0.2,mg,4905,absolute,"50, 100 and 200 µg"
LSD,0.1,mg,4905,absolute,100 and 200 µg
LSD,0.2,mg,4905,absolute,100 and 200 µg
LSD,0.1,mg,4905,absolute,100 µg
LSD,0.2,mg,4905,absolute,200 µg
Psilocybin,15.0,mg,1871,absolute,15 mg
Psilocybin,25.0,mg,1871,absolute,25 mg
Ketamine,17.5,mg,9381,relative_weight,0.25 mg/kg
Psilocybin,25.0,mg,6196,absolute,25 mg
Ketamine,35.0,mg,1437,relative_weight,0.5 mg/kg
Ketamine,14.0,mg,1437,relative_weight,0.2 mg/kg
Ketamine,35.0,mg,8947,relative_weight,0.5 mg/kg
Psilocybin,25.0,mg,7468,absolute,25 mg
Ketamine,21.0,mg,3451,relative_weight,0.3 mg/kg
Ketamine,10.5,mg,3451,relative_weight_time,0.15 mg/kg/h
S-Ketamine,84.0,mg,1237,absolute,84 mg
LSD,0.05,mg,9151,absolute,50 μg
Ketamine,35.0,mg,6366,relative_weight,0.5 mg/kg
MDMA,105.0,mg,518,relative_weight,1.5 mg/kg
Psilocybin,11.9,mg,5378,relative_weight,0.17 mg/kg
Ketamine,21.0,mg,6558,relative_weight,0.3 mg/kg
Psilocybin,21.0,mg,8089,relative_weight,0.3 mg/kg
Ketamine,7.0,mg,5997,relative_weight,0.1 mg/kg
Ketamine,35.0,mg,75,relative_weight,0.5 mg/kg
Ketamine,14.0,mg,75,relative_weight,0.2 mg/kg
Psilocybin,8.92,mg,6837,absolute,8.92
Psilocybin,24.68,mg,6837,absolute,24.68
Psilocybin,36.08,mg,6837,relative_weight,36.08 mg/70 kg
MDMA,100.0,mg,6677,absolute,100 mg
Ketamine,35.0,mg,8041,relative_weight,0.5 mg/kg
S-Ketamine,35.0,mg,8041,relative_weight,0.5 mg/kg
Ketamine,56.0,mg,8041,absolute,56 or 84 mg
Ketamine,84.0,mg,8041,absolute,56 or 84 mg
S-Ketamine,56.0,mg,8041,absolute,56 or 84 mg
S-Ketamine,84.0,mg,8041,absolute,56 or 84 mg
Psilocybin,14.0,mg,6115,relative_weight,0.200 mg/kg
Psilocybin,15.049999999999999,mg,6115,relative_weight,0.215 mg/kg
Psilocybin,22.05,mg,6115,relative_weight,0.315 mg/kg
Ketamine,1.68,mg,902,relative_weight,"0.024, 0.081 and 0.27 mg/kg"
Ketamine,18.900000000000002,mg,902,relative_weight,"0.024, 0.081 and 0.27 mg/kg"
Ketamine,18.900000000000002,mg,902,relative_weight,0.27 mg/kg
Ketamine,5.67,mg,902,relative_weight,0.081 mg/kg
MDMA,119.0,mg,8910,relative_weight,1.7 mg/kg
MDMA,119.0,mg,8902,relative_weight,1.7 mg/kg
Psilocybin,25.0,mg,4884,absolute,25 mg
Ketamine,0.4,mg,8987,absolute,0.4 mg kg‐1
Ketamine,1.0,mg,8987,absolute,0.4 mg kg‐1
MDMA,75.0,mg,4634,absolute,75 mg
S-Ketamine,28.0,mg,8959,absolute,28 mg
S-Ketamine,56.0,mg,8959,absolute,56 mg
S-Ketamine,84.0,mg,8959,absolute,84 mg
Ketamine,49.699999999999996,mg,497,relative_weight,0.71 mg/kg
Ketamine,98.69999999999999,mg,497,relative_weight,1.41 mg/kg
MDMA,100.0,mg,2225,absolute,100 mg
Psilocybin,20.0,mg,2861,relative_weight,20-30 mg/70 kg
Psilocybin,30.0,mg,2861,relative_weight,20-30 mg/70 kg
Psilocybin,20.0,mg,2861,relative_weight,20 mg/70 kg
Psilocybin,30.0,mg,2861,relative_weight,30 mg/70 kg
Psilocybin,25.0,mg,2861,absolute,25 mg
Ketamine,100.0,mg,2820,absolute,100 mg
MDMA,120.0,mg,6250,absolute,120 mg
MDMA,60.0,mg,6250,absolute,60 mg
Psilocybin,40.0,mg,6244,absolute,40 mg
Psilocybin,30.0,mg,3928,absolute,30 mg
Psilocybin,50.0,mg,3928,absolute,50 mg
Psilocybin,70.0,mg,3928,absolute,70 mg
Ketamine,49.699999999999996,mg,1806,relative_weight,0.71 mg/kg
Psilocybin,25.0,mg,3926,absolute,25 mg
MDMA,75.0,mg,7002,absolute,75-125 mg
MDMA,125.0,mg,7002,absolute,75-125 mg
MDMA,0.0,mg,7002,absolute,0-40 mg
MDMA,40.0,mg,7002,absolute,0-40 mg
Ibogaine,20.0,mg,6085,absolute,20-400 mg
Ibogaine,400.0,mg,6085,absolute,20-400 mg
Ibogaine,240.0,mg,6085,absolute,"240, 320 and 400 mg"
Ibogaine,400.0,mg,6085,absolute,"240, 320 and 400 mg"
Ketamine,52.5,mg,1537,relative_weight,0.75 mg/kg
Ketamine,140.0,mg,5723,relative_weight,2 mg/kg
MDMA,30.0,mg,5697,absolute,30 mg
MDMA,75.0,mg,5697,absolute,75 mg
MDMA,125.0,mg,5697,absolute,125 mg
MDMA,100.0,mg,5697,absolute,100-125 mg
MDMA,125.0,mg,5697,absolute,100-125 mg
Ketamine,7.0,mg,9225,relative_weight,0.1 mg/kg
Ketamine,1.0919999999999999,mg,9225,relative_weight_time,0.0156 mg/kg/min
Ketamine,17.5,mg,1649,relative_weight,0.25 mg/kg
S-Ketamine,17.5,mg,1649,relative_weight,0.25 mg/kg
Ketamine,35.0,mg,1649,relative_weight,0.5 mg/kg
S-Ketamine,35.0,mg,1649,relative_weight,0.5 mg/kg
Ketamine,100.0,mg,2822,absolute,100 mg
LSD,0.085,mg,3635,absolute,85 and 170 μg
LSD,0.17,mg,3635,absolute,85 and 170 μg
Psilocybin,14.0,mg,7048,relative_weight,0.2 mg/kg
MDMA,75.0,mg,4653,absolute,75 mg
5-MeO-DMT,2.0,mg,7214,absolute,2
5-MeO-DMT,6.0,mg,7214,absolute,6
5-MeO-DMT,12.0,mg,7214,absolute,12
5-MeO-DMT,18.0,mg,7214,absolute,18 mg
5-MeO-DMT,2.0,mg,7214,absolute,2 mg
5-MeO-DMT,6.0,mg,7214,absolute,"6, 12, and 18 mg"
5-MeO-DMT,18.0,mg,7214,absolute,"6, 12, and 18 mg"
LSD,100.0,mg,2105,absolute,100 mg
LSD,200.0,mg,2105,absolute,200 mg
LSD,0.1,mg,2105,absolute,100 μg and 200
LSD,0.2,mg,2105,absolute,100 μg and 200
LSD,0.2,mg,2105,absolute,200 μg
LSD,0.1,mg,2105,absolute,100 μg
Ketamine,45.5,mg,218,relative_weight_time,0.65 mg/kg/h
MDMA,70.0,mg,612,relative_weight,1.0 mg/kg
MDMA,112.0,mg,612,relative_weight,1.6 mg/kg
Ketamine,35.0,mg,3704,relative_weight,0.5 mg/kg
Ayahuasca,0.6,mg,7313,absolute,0.6
Ayahuasca,0.85,mg,7313,absolute,0.85 mg
MDMA,100.0,mg,2784,absolute,100 mg
MDMA,75.0,mg,6436,absolute,75 mg
Ketamine,42.0,mg,6427,relative_weight_time,0.6 mg/kg/h
Psilocybin,25.0,mg,3060,absolute,25 mg
Psilocybin,10.0,mg,3060,absolute,10 mg
Psilocybin,1.0,mg,3060,absolute,1 mg
MDMA,105.0,mg,4970,relative_weight,1.5 mg/kg
Ketamine,3.5,mg,5215,relative_weight,0.05 mg/kg
Ketamine,35.0,mg,4307,relative_weight,0.5 mg/kg
Ketamine,70.0,mg,4307,relative_weight,1 mg/kg
S-Ketamine,17.5,mg,4708,relative_weight,0.25 mg/kg
Ketamine,2.8000000000000003,mg,4415,relative_weight,0.04 mg/kg
Ketamine,35.0,mg,6898,relative_weight,0.5 mg/kg
Psilocybin,11.9,mg,6979,relative_weight,170 µg/kg
Ketamine,35.0,mg,1443,relative_weight,0.5 mg/kg
Ketamine,14.0,mg,1443,relative_weight,0.2 mg/kg
LSD,0.2,mg,4967,absolute,200 μg
Ketamine,0.2,mg,1316,absolute,0.2
Ketamine,28.0,mg,1316,relative_weight,0.4 mg/kg
Ketamine,21.0,mg,1455,relative_weight,0.3 mg/kg
Ketamine,14.0,mg,808,relative_weight,0.2‐4.7 mg/kg
Ketamine,329.0,mg,808,relative_weight,0.2‐4.7 mg/kg
Ketamine,560.0,mg,3452,relative_time,8 mg/h
Ketamine,30.0,mg,3452,absolute,30 mg
Ketamine,840.0,mg,3452,relative_time,12 mg/h
Ketamine,1400.0,mg,3452,relative_time,20 mg/h
Psilocybin,10.0,mg,7525,absolute,10 or 25 mg
Psilocybin,25.0,mg,7525,absolute,10 or 25 mg
Psilocybin,10.0,mg,7525,absolute,10 mg and 25 mg
Psilocybin,25.0,mg,7525,absolute,10 mg and 25 mg
Ketamine,35.0,mg,6903,relative_weight,0.5 mg/kg
Psilocybin,14.0,mg,3189,relative_weight,0.2 mg/kg
MDMA,100.0,mg,8970,absolute,100 mg
MDMA,52.5,mg,717,relative_weight,0.75 and 1.5 mg/kg
MDMA,105.0,mg,717,relative_weight,0.75 and 1.5 mg/kg
MDMA,105.0,mg,717,relative_weight,1.5 mg/kg
MDMA,52.5,mg,717,relative_weight,0.75 mg/kg
Ketamine,35.0,mg,5515,relative_weight,0.5-0.75 mg/kg
Ketamine,52.5,mg,5515,relative_weight,0.5-0.75 mg/kg
S-Ketamine,35.0,mg,6374,relative_weight,0.5 mg/kg
S-Ketamine,17.5,mg,6374,relative_weight_time,0.25 mg/kg/h
Ketamine,42.0,mg,5684,relative_weight,0.6 mg/kg
MDMA,100.0,mg,5736,absolute,100 mg
Ketamine,35.0,mg,1787,relative_weight,0.5 mg/kg
Ketamine,35.0,mg,8087,relative_weight,0.5 mg/kg
Ketamine,70.0,mg,2112,relative_weight,1 mg/kg
Ketamine,37.800000000000004,mg,3662,relative_weight,0.54 mg/kg
Ketamine,35.0,mg,2431,relative_weight,0.5 mg/kg
Psilocybin,25.0,mg,6232,absolute,25 mg
Psilocybin,30.0,mg,6232,absolute,30 mg
Ketamine,35.0,mg,9525,relative_weight,0.5 mg/kg
MDMA,210.0,mg,379,relative_weight,3.0 mg/kg
Psilocybin,25.2,mg,6195,relative_weight,0.36 mg/kg
LSD,0.0065,mg,793,absolute,6.5 μg
LSD,0.013,mg,793,absolute,13 μg
LSD,0.026,mg,793,absolute,26 μg
Ketamine,100.0,mg,2332,absolute,100 mg/day
Ketamine,40.0,mg,2332,absolute,40 mg/day
Ketamine,500.0,mg,2332,absolute,500 mg/day
Ketamine,100.0,mg,2332,absolute,100–240 mg
Ketamine,240.0,mg,2332,absolute,100–240 mg
Ketamine,150.0,mg,4236,absolute,150 mg
MDMA,100.0,mg,6599,absolute,100 mg
Ketamine,56.0,mg,9007,relative_weight,0.8 mg/kg
Psilocybin,25.0,mg,6282,absolute,25 mg
Psilocybin,10.0,mg,6282,absolute,10 mg
Psilocybin,1.0,mg,6282,absolute,1 mg
Ketamine,7.0,mg,5080,relative_weight,"0.1, 0.2, 0.3, 0.4, 0.5 mg/kg"
Ketamine,35.0,mg,5080,relative_weight,"0.1, 0.2, 0.3, 0.4, 0.5 mg/kg"
Ketamine,35.0,mg,5047,relative_weight,0.5 mg/kg
S-Ketamine,35.0,mg,1981,relative_weight,0.5-1 mg/kg
S-Ketamine,70.0,mg,1981,relative_weight,0.5-1 mg/kg
MDMA,50.0,mg,1918,absolute,50-150 mg
MDMA,150.0,mg,1918,absolute,50-150 mg
Ketamine,35.0,mg,5164,relative_weight,0.5 mg/kg
LSD,0.1,mg,8292,absolute,100 μg
Ketamine,56.0,mg,6828,absolute,56 or 84 mg
Ketamine,84.0,mg,6828,absolute,56 or 84 mg
Ketamine,56.0,mg,6828,absolute,56 mg
LSD,0.075,mg,1272,absolute,75 µg
LSD,0.1,mg,4961,absolute,0.1 and 0.2 mg
LSD,0.2,mg,4961,absolute,0.1 and 0.2 mg
LSD,0.1,mg,4961,absolute,0.1‐0.2 mg
LSD,0.2,mg,4961,absolute,0.1‐0.2 mg
Psilocybin,18.2,mg,6644,relative_weight,0.26 mg/kg
MDMA,100.0,mg,6602,absolute,100 mg
Ketamine,28.0,mg,2382,absolute,"28 mg, 56 mg or 84 mg"
Ketamine,84.0,mg,2382,absolute,"28 mg, 56 mg or 84 mg"
S-Ketamine,28.0,mg,2382,absolute,"28 mg, 56 mg or 84 mg"
S-Ketamine,84.0,mg,2382,absolute,"28 mg, 56 mg or 84 mg"
Ayahuasca,70.0,mg,594,relative_weight,1 mg dmt/kg
Psychedelic mushrooms,500.0,mg,6191,absolute,0.5 g
Psilocybin,10.0,mg,7521,absolute,10 mg
Psilocybin,25.0,mg,7521,absolute,25 mg
5-MeO-DMT,12.0,mg,2396,absolute,12 mg
5-MeO-DMT,0.3,mg,2396,absolute,0.3 mg
5-MeO-DMT,8.0,mg,2396,absolute,8 mg
Ketamine,30.8,mg,8372,relative_weight,0.44 mg/kg
MDMA,120.0,mg,3277,absolute,120 mg
MDMA,80.0,mg,3277,absolute,80 mg
Psilocybin,10.0,mg,7456,absolute,10 and 25 mg
Psilocybin,25.0,mg,7456,absolute,10 and 25 mg
Psilocybin,25.0,mg,7456,absolute,25 mg
Ketamine,35.0,mg,1291,relative_weight,0.5 mg/kg
Ketamine,35.0,mg,2490,relative_weight,0.5-0.75 mg/kg
Ketamine,52.5,mg,2490,relative_weight,0.5-0.75 mg/kg
LSD,0.005,mg,3766,absolute,"5, 10, and 20 µg"
LSD,0.02,mg,3766,absolute,"5, 10, and 20 µg"
LSD,0.02,mg,3766,absolute,20 µg
LSD,0.01,mg,3766,absolute,10 µg
Salvinorin A,0.02625,mg,4064,relative_weight,0.375 μg/kg
Salvinorin A,1.47,mg,4064,relative_weight,21 μg/kg
LSD,0.025,mg,3632,absolute,"25, 50, 100, and 200 µg"
LSD,0.2,mg,3632,absolute,"25, 50, 100, and 200 µg"
LSD,0.05,mg,3632,absolute,50 and 200 µg
LSD,0.2,mg,3632,absolute,50 and 200 µg
Ketamine,0.1,mg,4688,absolute,0.1
Ketamine,0.2,mg,4688,absolute,0.2
Ketamine,0.3,mg,4688,absolute,0.3
Ketamine,28.0,mg,4688,relative_weight,0.4 mg/kg
Ketamine,7.0,mg,4688,relative_weight,0.1 mg/kg
Ketamine,35.0,mg,120,relative_weight,0.5 mg/kg
Psilocybin,14.0,mg,7055,relative_weight,0.2 mg/kg
LSD,0.05,mg,2480,absolute,"50, 75, and 100 µg"
LSD,0.1,mg,2480,absolute,"50, 75, and 100 µg"
LSD,50.0,mg,2480,absolute,50
LSD,75.0,mg,2480,absolute,75
LSD,100.0,mg,2480,absolute,100
LSD,0.05,mg,2480,absolute,50 µg
LSD,0.075,mg,2480,absolute,75 µg
Ketamine,35.0,mg,38179107,relative_weight,0.5 mg/kg
Ketamine,21.0,mg,38179107,relative_weight_time,0.3 mg/kg/h
Psilocybin,14.0,mg,38185235,relative_weight,0.2 mg/kg
Ketamine,35.0,mg,38188539,relative_weight,0.5 mg/kg
S-Ketamine,35.0,mg,38194244,relative_weight,0.5 mg/kg
S-Ketamine,14.0,mg,38200438,relative_weight,0.2 mg/kg
Psilocybin,10.0,mg,38235248,relative_weight,10 mg/70 kg
Psilocybin,9.8,mg,38238974,relative_weight,0.14 mg/kg
Psilocybin,25.0,mg,38244804,absolute,25 mg
S-Ketamine,25.0,mg,38244804,absolute,25 mg
Psilocybin,56.0,mg,38244804,absolute,56 mg
S-Ketamine,56.0,mg,38244804,absolute,56 mg
Psilocybin,84.0,mg,38244804,absolute,84 mg
S-Ketamine,84.0,mg,38244804,absolute,84 mg
Psilocybin,25.0,mg,38264632,absolute,25 mg
Psilocybin,25.0,mg,38264632,absolute,25 or 30 mg
Psilocybin,30.0,mg,38264632,absolute,25 or 30 mg
5-MeO-DMT,100.0,mg,38264636,absolute,100 mg
Ayahuasca,100.0,mg,38264636,absolute,100 mg
DMT,100.0,mg,38264636,absolute,100 mg
Ketamine,52.5,mg,38266928,relative_weight,0.75-1 mg/kg
Ketamine,70.0,mg,38266928,relative_weight,0.75-1 mg/kg
5-MeO-DMT,9.0,mg,38274414,absolute,"9, 12, 17 and 21.5 mg"
5-MeO-DMT,21.5,mg,38274414,absolute,"9, 12, 17 and 21.5 mg"
DMT,9.0,mg,38274414,absolute,"9, 12, 17 and 21.5 mg"
DMT,21.5,mg,38274414,absolute,"9, 12, 17 and 21.5 mg"
Psilocybin,9.0,mg,38274414,absolute,"9, 12, 17 and 21.5 mg"
Psilocybin,21.5,mg,38274414,absolute,"9, 12, 17 and 21.5 mg"
5-MeO-DMT,21.5,mg,38274414,absolute,21.5 mg
DMT,21.5,mg,38274414,absolute,21.5 mg
Psilocybin,21.5,mg,38274414,absolute,21.5 mg
5-MeO-DMT,6.0,mg,38274414,absolute,6 mg/5 min
DMT,6.0,mg,38274414,absolute,6 mg/5 min
Psilocybin,6.0,mg,38274414,absolute,6 mg/5 min
5-MeO-DMT,15.5,mg,38274414,absolute,15.5 mg/5 min
DMT,15.5,mg,38274414,absolute,15.5 mg/5 min
Psilocybin,15.5,mg,38274414,absolute,15.5 mg/5 min
Psilocybin,30.0,mg,38279085,absolute,30 mg
Psilocybin,5.0,mg,38279085,absolute,5 mg
MDMA,52.5,mg,38279662,relative_weight,0.75 mg/kg
MDMA,105.0,mg,38279662,relative_weight,1.5 mg/kg
LSD,0.013,mg,38287172,absolute,13 and 26 µg
LSD,0.026,mg,38287172,absolute,13 and 26 µg
Ketamine,35.0,mg,38293803,relative_weight,0.5 and 1 mg/kg
Ketamine,70.0,mg,38293803,relative_weight,0.5 and 1 mg/kg
Psilocybin,1.0,mg,38316896,absolute,"1, 10 or 25 mg"
Psilocybin,25.0,mg,38316896,absolute,"1, 10 or 25 mg"
LSD,0.01,mg,38317077,absolute,10 µg
DMT,20.0,mg,38326357,absolute,20 mg
Psilocybin,20.0,mg,38326357,absolute,20 mg
Psilocybin,25.0,mg,38326432,absolute,25 mg
LSD,0.004,mg,38347582,absolute,4-20 µg
LSD,0.02,mg,38347582,absolute,4-20 µg
Psilocybin,25.0,mg,38359838,absolute,25 mg
Ketamine,35.0,mg,38378088,relative_weight,0.5 mg/kg
Ketamine,35.0,mg,38378088,relative_weight,0.5-0.9 mg/kg
Ketamine,63.0,mg,38378088,relative_weight,0.5-0.9 mg/kg
Ketamine,35.0,mg,38402253,relative_weight,0.5 mg/kg
S-Ketamine,35.0,mg,38402253,relative_weight,0.5 mg/kg
Psilocybin,5.0,mg,38423367,absolute,5 mg
Psilocybin,25.0,mg,38423367,absolute,25 mg
Psilocybin,1.0,mg,38423367,absolute,1 mg
S-Ketamine,17.5,mg,38446480,relative_weight,0.25 mg/kg
S-Ketamine,50.0,mg,38446480,absolute,50 mg
Psilocybin,20.0,mg,38483940,relative_weight,20 mg/70 kg
Psilocybin,30.0,mg,38483940,relative_weight,30 mg/70 kg
S-Ketamine,49.0,mg,38497863,relative_weight,0.7 mg/kg
LSD,0.1,mg,38518267,absolute,100 μg
S-Ketamine,14.0,mg,38522144,relative_weight,0.2 mg/kg
S-Ketamine,35.0,mg,38522144,relative_weight,0.5 mg/kg
Ketamine,160.0,mg,38522166,absolute,160 mg/day
Ketamine,240.0,mg,38522166,absolute,240 mg/
S-Ketamine,30.0,mg,38523183,absolute,30 mg
S-Ketamine,35.0,mg,38523183,relative_weight,0.5-3.0 mg/kg
S-Ketamine,210.0,mg,38523183,relative_weight,0.5-3.0 mg/kg
Ketamine,56.0,mg,38537759,absolute,56-84 mg
Ketamine,84.0,mg,38537759,absolute,56-84 mg
S-Ketamine,56.0,mg,38537759,absolute,56-84 mg
S-Ketamine,84.0,mg,38537759,absolute,56-84 mg
Ketamine,28.0,mg,38537759,absolute,28 mg
S-Ketamine,28.0,mg,38537759,absolute,28 mg
Ketamine,14.0,mg,38537759,relative_weight,0.2 mg/kg
S-Ketamine,14.0,mg,38537759,relative_weight,0.2 mg/kg
Ketamine,35.0,mg,38537759,relative_weight,0.5 mg/kg
S-Ketamine,35.0,mg,38537759,relative_weight,0.5 mg/kg
Ketamine,70.0,mg,38537759,relative_weight,1 mg/kg
S-Ketamine,70.0,mg,38537759,relative_weight,1 mg/kg
Ketamine,56.0,mg,38537759,absolute,56 and 84 mg
Ketamine,84.0,mg,38537759,absolute,56 and 84 mg
S-Ketamine,56.0,mg,38537759,absolute,56 and 84 mg
S-Ketamine,84.0,mg,38537759,absolute,56 and 84 mg
Psilocybin,10.0,mg,38581739,relative_weight,10 mg/70 kg
Psilocybin,25.0,mg,38605658,absolute,25 mg
Psilocybin,1.0,mg,38605658,absolute,1 mg
5-MeO-DMT,1.0,mg,38616411,absolute,1-12 mg
5-MeO-DMT,12.0,mg,38616411,absolute,1-12 mg
Ibogaine,1.0,mg,38616411,absolute,1-12 mg
Ibogaine,12.0,mg,38616411,absolute,1-12 mg
5-MeO-DMT,12.0,mg,38616411,absolute,12 mg
Ibogaine,12.0,mg,38616411,absolute,12 mg
5-MeO-DMT,10.0,mg,38616411,absolute,10 and 12 mg
5-MeO-DMT,12.0,mg,38616411,absolute,10 and 12 mg
Ibogaine,10.0,mg,38616411,absolute,10 and 12 mg
Ibogaine,12.0,mg,38616411,absolute,10 and 12 mg
LSD,0.01,mg,38622150,absolute,10 µg
Ketamine,16.1,mg,38629811,relative_weight,0.23 mg/kg
Ketamine,40.599999999999994,mg,38629811,relative_weight_time,0.58 mg/kg/h
Psilocybin,21.0,mg,38632313,relative_weight,0.3 mg/kg
Psilocybin,2.0,mg,38658877,absolute,2 mg and
Psilocybin,5.0,mg,38658877,absolute,5 mg
S-Ketamine,14.0,mg,38658886,relative_weight,0.2 mg/kg
Ketamine,35.0,mg,38688118,relative_weight,0.5 mg/kg
R-Ketamine,50.0,mg,38696221,absolute,50 mg
S-Ketamine,50.0,mg,38696221,absolute,50 mg
Ketamine,35.0,mg,38710325,relative_weight,0.5 mg/kg
Ketamine,35.0,mg,38714931,relative_weight,0.5 mg/kg
Ketamine,35.0,mg,38755245,relative_weight,0.5 mg/kg
MDMA,120.0,mg,38773523,absolute,120 mg
Psilocybin,120.0,mg,38773523,absolute,120 mg
MDMA,60.0,mg,38773523,absolute,60 mg
Psilocybin,60.0,mg,38773523,absolute,60 mg
S-Ketamine,14.0,mg,38808490,relative_weight,0.2 mg/kg
Ketamine,35.0,mg,38834540,relative_weight,0.5 mg/kg
Psilocybin,14.0,mg,38862674,relative_weight,0.2 mg/kg
Ketamine,115.0,mg,38863284,absolute,115.
S-Ketamine,115.0,mg,38863284,absolute,115.
Psilocybin,20.0,mg,38883812,absolute,20 mg
Ketamine,120.0,mg,38914860,absolute,120 mg
S-Ketamine,120.0,mg,38914860,absolute,120 mg
Ketamine,30.0,mg,38914860,absolute,"30, 60, 120 or 180 mg"
Ketamine,180.0,mg,38914860,absolute,"30, 60, 120 or 180 mg"
S-Ketamine,30.0,mg,38914860,absolute,"30, 60, 120 or 180 mg"
S-Ketamine,180.0,mg,38914860,absolute,"30, 60, 120 or 180 mg"
Ketamine,180.0,mg,38914860,absolute,180 mg
S-Ketamine,180.0,mg,38914860,absolute,180 mg
Psilocybin,25.0,mg,38956594,absolute,25 mg
Ketamine,35.0,mg,38969374,relative_weight,0.5 mg/kg
Ketamine,50.0,mg,38969374,absolute,50 mg
Ketamine,35.0,mg,38982828,relative_weight,0.5 mg/kg
Psilocybin,25.0,mg,38988455,absolute,25 mg
LSD,0.015,mg,39009578,absolute,15 µg
Psilocybin,25.0,mg,39020167,absolute,25 mg
Ketamine,35.0,mg,39028544,relative_weight,0.5 mg/kg
Ketamine,35.0,mg,39054328,relative_weight,0.5 mg/kg
Ketamine,150.0,mg,39068714,absolute,150 mg
Ketamine,35.0,mg,39068714,relative_weight,0.5 mg/kg
LSD,0.2,mg,39078038,absolute,200 μg
S-Ketamine,0.0,mg,39160473,relative_weight,0. 25 mg/kg
LSD,0.004,mg,39182140,absolute,4-20 μg
LSD,0.02,mg,39182140,absolute,4-20 μg
Ketamine,35.0,mg,39210712,relative_weight,0.5 mg/kg
Ketamine,50.0,mg,39214377,absolute,50 mg
S-Ketamine,50.0,mg,39214377,absolute,50 mg
Ketamine,0.5,mg,39222174,absolute,0.5
Ketamine,70.0,mg,39222174,relative_weight,1.0 mg/kg
Ketamine,35.0,mg,39222174,relative_weight,0.5 mg/kg
LSD,0.025,mg,39231959,absolute,25-200 µg
LSD,0.2,mg,39231959,absolute,25-200 µg
LSD,0.01,mg,39235512,absolute,10 µg
Ketamine,35.0,mg,39318021,relative_weight,0.5 mg/kg
S-Ketamine,28.0,mg,39326589,relative_weight,0.4 mg/kg
S-Ketamine,35.0,mg,39342105,relative_weight,0.5 mg/kg
Psilocybin,25.0,mg,39343309,absolute,25 mg
Psilocybin,3.15,mg,39354706,relative_weight,45 μg/kg
Psilocybin,30.0,mg,39354706,relative_weight,30 mg/70 kg
Ketamine,7.0,mg,39365203,relative_weight,0.1 mg/kg-
Ketamine,70.0,mg,39365203,relative_weight,1 mg/kg
Psilocybin,25.0,mg,39372842,absolute,25 mg
MDMA,25.0,mg,39381877,absolute,25-40 mg
MDMA,40.0,mg,39381877,absolute,25-40 mg
Psilocybin,25.0,mg,39427449,absolute,25 mg
Psilocybin,10.0,mg,39427449,absolute,10 mg
Psilocybin,1.0,mg,39427449,absolute,1 mg
Ketamine,35.0,mg,39468512,relative_weight,0.5 mg/kg
Psilocybin,25.0,mg,39499526,absolute,25 mg
S-Ketamine,28.0,mg,39522447,absolute,28-84 mg
S-Ketamine,84.0,mg,39522447,absolute,28-84 mg
S-Ketamine,84.0,mg,39522447,absolute,84 mg
MDMA,100.0,mg,39546312,absolute,100 or 125 mg
MDMA,125.0,mg,39546312,absolute,100 or 125 mg
MDMA,100.0,mg,39546312,absolute,100 mg
MDMA,125.0,mg,39546312,absolute,125 mg
Ketamine,0.5,mg,39556562,absolute,0.5
S-Ketamine,0.5,mg,39556562,absolute,0.5
Ketamine,79.1,mg,39576028,relative_weight,1.13 mg/kg
Ketamine,35.0,mg,39581291,relative_weight,0.5 mg/kg
MDMA,120.0,mg,39592887,absolute,120 and 180 mg
MDMA,180.0,mg,39592887,absolute,120 and 180 mg
Ketamine,35.0,mg,39609659,relative_weight,0.5 mg/kg
Ketamine,70.0,mg,39609659,relative_weight,1.0 mg/kg
Ayahuasca,3.0,mg,39614620,absolute,3
Ayahuasca,170.64,mg,39614620,absolute,170.64 mg
S-Ketamine,17.5,mg,39631703,relative_weight,0.25 mg/kg
Psilocybin,25.0,mg,39636638,absolute,25 mg
Ketamine,35.0,mg,39642450,relative_weight,0.5-0.75 mg/kg
Ketamine,52.5,mg,39642450,relative_weight,0.5-0.75 mg/kg
Psilocybin,5.0,mg,39669539,absolute,5 and 20 mg
Psilocybin,20.0,mg,39669539,absolute,5 and 20 mg
Psilocybin,15050.0,mg,39695323,relative_weight,0215 mg/kg
DMT,0.6,mg,39702577,absolute,0.6
DMT,1.2,mg,39702577,absolute,1.2
DMT,1.8,mg,39702577,absolute,1.8
DMT,168.0,mg,39702577,relative_time,2.4 mg/min
DMT,126.0,mg,39702577,relative_time,1.8 mg/min
Psilocybin,25.0,mg,39706482,absolute,25
Psilocybin,1.0,mg,39706482,absolute,"10, or 1 mg"
Psilocybin,10.0,mg,39706482,absolute,"10, or 1 mg"
Psilocybin,25.0,mg,39706482,absolute,25 mg
Psilocybin,25.0,mg,39741440,absolute,25 mg
Psilocybin,25.0,mg,39754904,absolute,25 mg
Psilocybin,15.049999999999999,mg,39754904,relative_weight,0.215 mg/kg
Psilocybin,10.0,mg,39754904,absolute,10 mg
Ketamine,35.0,mg,39763417,relative_weight,0.5 mg/kg
Ketamine,35.0,mg,39763417,relative_weight,0.5-0.9 mg/kg
Ketamine,63.0,mg,39763417,relative_weight,0.5-0.9 mg/kg
Psilocybin,25.0,mg,39764567,absolute,25 mg
Ketamine,220.0,mg,39773202,absolute,220 mg
Ketamine,100.0,mg,39773202,absolute,100-400 mg
Ketamine,400.0,mg,39773202,absolute,100-400 mg
5-MeO-DMT,100.0,mg,39774840,absolute,100
Ayahuasca,100.0,mg,39774840,absolute,100
DMT,100.0,mg,39774840,absolute,100
5-MeO-DMT,10.0,mg,39774840,absolute,10
Ayahuasca,10.0,mg,39774840,absolute,10
DMT,10.0,mg,39774840,absolute,10
Psilocybin,25.0,mg,39802794,absolute,25 mg
Psilocybin,25.0,mg,39823496,absolute,25 mg
Ketamine,35.0,mg,39834135,relative_weight,0.5 mg/kg
S-Ketamine,35.0,mg,39853300,relative_weight,0.5 or 1.0 mg/kg
S-Ketamine,70.0,mg,39853300,relative_weight,0.5 or 1.0 mg/kg
S-Ketamine,210.0,mg,39853300,relative_weight,3.0 mg/kg
Ketamine,35.0,mg,39878430,relative_weight,0.5 mg/kg
Ketamine,70.0,mg,39878430,relative_weight,1 mg/kg
Ketamine,0.5,mg,39878430,absolute,0.5 and
Psilocybin,10.0,mg,39882198,absolute,10 mg
Psilocybin,1.0,mg,39882198,absolute,1 mg
Ketamine,35.0,mg,39889566,relative_weight,0.5 mg/kg
MDMA,100.0,mg,39895858,absolute,100 mg
Ketamine,35.0,mg,39899368,relative_weight,0.5 mg/kg
Ketamine,0.5,mg,39915701,absolute,0.5 mg
S-Ketamine,0.5,mg,39915701,absolute,0.5 mg
5-MeO-DMT,0.0,mg,39923404,absolute,0-120 mg
5-MeO-DMT,120.0,mg,39923404,absolute,0-120 mg
Ayahuasca,0.0,mg,39923404,absolute,0-120 mg
Ayahuasca,120.0,mg,39923404,absolute,0-120 mg
DMT,0.0,mg,39923404,absolute,0-120 mg
DMT,120.0,mg,39923404,absolute,0-120 mg
5-MeO-DMT,0.0,mg,39923404,absolute,0
Ayahuasca,0.0,mg,39923404,absolute,0
DMT,0.0,mg,39923404,absolute,0
Ketamine,52.5,mg,39929500,relative_weight,0.75 mg/kg
Ketamine,63.0,mg,39929500,relative_weight,0.9 mg/kg
Ketamine,35.0,mg,39940002,relative_weight,0.5 mg/kg
S-Ketamine,17.5,mg,39946130,relative_weight,0.25 mg/kg
MDMA,50.0,mg,39979849,absolute,50-125 mg
MDMA,125.0,mg,39979849,absolute,50-125 mg
MDMA,25.0,mg,39979849,absolute,25-40 mg
MDMA,40.0,mg,39979849,absolute,25-40 mg
Ketamine,35.0,mg,40012166,relative_weight,0.5 mg/kg
Ketamine,210.0,mg,40015180,relative_weight,3 mg/kg
Ketamine,180.0,mg,40015180,absolute,180 mg
Psilocybin,25.0,mg,40018886,absolute,25 mg
LSD,0.1,mg,40022427,absolute,100 μg
Psilocybin,10.0,mg,40046861,absolute,10 and
Psilocybin,25.0,mg,40046861,absolute,25 mg
Psilocybin,10.0,mg,40047545,absolute,10 mg
Psilocybin,1.0,mg,40047545,absolute,1 mg
Psilocybin,25.0,mg,40047545,absolute,25 mg
LSD,0.026,mg,40051483,absolute,26 µg
Ketamine,56.0,mg,40058488,absolute,56 and 84 mg
Ketamine,84.0,mg,40058488,absolute,56 and 84 mg
S-Ketamine,56.0,mg,40058488,absolute,56 and 84 mg
S-Ketamine,84.0,mg,40058488,absolute,56 and 84 mg
Ketamine,84.0,mg,40058488,absolute,84 mg
S-Ketamine,84.0,mg,40058488,absolute,84 mg
Ketamine,28.0,mg,40058488,absolute,"28, 56, and 84 mg"
Ketamine,84.0,mg,40058488,absolute,"28, 56, and 84 mg"
S-Ketamine,28.0,mg,40058488,absolute,"28, 56, and 84 mg"
S-Ketamine,84.0,mg,40058488,absolute,"28, 56, and 84 mg"
Ketamine,28.0,mg,40058488,absolute,"28, 56, or 84 mg"
Ketamine,84.0,mg,40058488,absolute,"28, 56, or 84 mg"
S-Ketamine,28.0,mg,40058488,absolute,"28, 56, or 84 mg"
S-Ketamine,84.0,mg,40058488,absolute,"28, 56, or 84 mg"
LSD,0.02,mg,40105807,absolute,20 μg
Ketamine,35.0,mg,40129096,relative_weight,0.5 mg/kg
Ketamine,14.0,mg,40129096,relative_weight,0.2 mg/kg
Psilocybin,25.0,mg,40129307,absolute,25 mg
Psilocybin,25.0,mg,40144690,absolute,25 mg
Ketamine,3.5,mg,40170626,relative_weight,0.05 mg/kg
Psilocybin,15.0,mg,40171515,absolute,15 mg
Psilocybin,25.0,mg,40171515,absolute,25 mg
Ketamine,35.0,mg,40188855,relative_weight,0.5 mg/kg
Psilocybin,10.0,mg,40205013,absolute,10 mg
MDMA,100.0,mg,40209095,absolute,100 mg
Ketamine,35.0,mg,40215385,relative_weight,0.5 mg/kg
Psilocybin,25.0,mg,40233965,absolute,25 mg
Psilocybin,25.0,mg,40245934,absolute,25 mg
Psilocybin,20.0,mg,40245969,relative_weight,20-40 mg/70 kg
Psilocybin,40.0,mg,40245969,relative_weight,20-40 mg/70 kg
LSD,0.01,mg,40251818,absolute,10 µg
Ayahuasca,15.0,mg,40258990,absolute,15 mg
DMT,15.0,mg,40258990,absolute,15 mg
Psilocybin,15.0,mg,40258990,absolute,15 mg
Ayahuasca,60.0,mg,40258990,absolute,60 mg
DMT,60.0,mg,40258990,absolute,60 mg
Psilocybin,60.0,mg,40258990,absolute,60 mg
Psilocybin,21.0,mg,40279353,relative_weight,0.3 mg/kg
S-Ketamine,35.0,mg,40285334,relative_weight,0.5-3 mg/kg
S-Ketamine,210.0,mg,40285334,relative_weight,0.5-3 mg/kg
Ketamine,0.0,mg,40305000,relative_weight,"0,5 mg/kg"
Ketamine,350.0,mg,40305000,relative_weight,"0,5 mg/kg"
Ketamine,140.0,mg,40305000,relative_weight,2.0 or 2.5 mg/kg
Ketamine,175.0,mg,40305000,relative_weight,2.0 or 2.5 mg/kg
MDMA,120.0,mg,40305021,absolute,120 mg
Ketamine,7.7,mg,40320049,relative_weight,0.11 mg/kg
Ketamine,140.0,mg,40320049,relative_weight,2.0 mg/kg
S-Ketamine,17.5,mg,40320348,relative_weight_time,0.25 mg/kg/h
S-Ketamine,35.0,mg,40324271,relative_weight,0.5 mg/kg
Psilocybin,25.0,mg,40329640,absolute,25 mg
Psilocybin,1.0,mg,40329640,absolute,1 mg
DMT,15.0,mg,40337754,absolute,15 mg
DMT,60.0,mg,40337754,absolute,60 mg
DMT,1.5,mg,40356576,absolute,1.5 mg
S-Ketamine,56.0,mg,40411824,absolute,56 mg
LSD,0.08,mg,40418105,absolute,80 μg
Psilocybin,10.0,mg,40440674,absolute,10 and 25 mg
Psilocybin,25.0,mg,40440674,absolute,10 and 25 mg
Ketamine,240.0,mg,40446631,absolute,240 mg
Psilocybin,25.0,mg,40458078,absolute,25 mg
MDMA,100.0,mg,40459963,absolute,100 mg
LSD,0.1,mg,40482648,absolute,100 μg
LSD,0.2,mg,40482648,absolute,200 μg
LSD,0.025,mg,40482648,absolute,25 μg
Psilocybin,25.0,mg,40499827,absolute,25 mg
Psilocybin,25.0,mg,40518804,absolute,25 mg
Psilocybin,18.2,mg,40522607,relative_weight,0.26 mg/kg
S-Ketamine,21.0,mg,40523785,relative_weight,0.3 mg/kg
S-Ketamine,10.5,mg,40523785,relative_weight_time,0.15 mg/kg/h
5-MeO-DMT,2.0,mg,40528856,absolute,"2, 6, 12, 18 mg"
5-MeO-DMT,18.0,mg,40528856,absolute,"2, 6, 12, 18 mg"
DMT,60.0,mg,40532423,absolute,60 mg
DMT,0.6,mg,40532423,absolute,0.6 mg
S-Ketamine,56.0,mg,40601310,absolute,56 mg
S-Ketamine,84.0,mg,40601310,absolute,84 mg
S-Ketamine,17.5,mg,40607793,relative_weight,0.25 mg/kg
Psilocybin,10.0,mg,40618640,absolute,10 mg
Psilocybin,1.0,mg,40618640,absolute,1 mg
Ketamine,0.35,mg,40619168,absolute,0.35 mg
Ketamine,24.5,mg,40619168,relative_weight,0.35 mg/kg
Ketamine,17.5,mg,40619168,relative_weight,0.25 mg/kg
Ketamine,23.8,mg,40619168,relative_weight,0.34 mg/kg
5-MeO-DMT,0.0,mg,40639043,absolute,0-120 mg
5-MeO-DMT,120.0,mg,40639043,absolute,0-120 mg
DMT,0.0,mg,40639043,absolute,0-120 mg
DMT,120.0,mg,40639043,absolute,0-120 mg
Psilocybin,25.0,mg,40654586,absolute,25 mg
Psilocybin,1.0,mg,40654586,absolute,1 mg
Psilocybin,15.0,mg,40656108,absolute,15 mg
Psilocybin,20.0,mg,40656108,absolute,20 mg
Psilocybin,25.0,mg,40656108,absolute,25 mg
Psilocybin,30.0,mg,40656108,absolute,30 mg
Psilocybin,25.0,mg,40656108,absolute,25 and 30 mg
Psilocybin,30.0,mg,40656108,absolute,25 and 30 mg
Psilocybin,15.0,mg,40656108,absolute,"15, 20, 25, and 30 mg"
Psilocybin,30.0,mg,40656108,absolute,"15, 20, 25, and 30 mg"
5-MeO-DMT,6.0,mg,40659913,absolute,6 mg
5-MeO-DMT,9.0,mg,40659913,absolute,9 mg
5-MeO-DMT,12.0,mg,40659913,absolute,12 mg
Ketamine,35.0,mg,40662502,relative_weight,0.5 mg/kg
Psilocybin,25.0,mg,40702912,absolute,25 mg
Psilocybin,1.0,mg,40702912,absolute,1 mg
Psilocybin,25.0,mg,40702912,absolute,25
Ketamine,35.0,mg,40707608,relative_weight,0.5 mg/kg
Ketamine,35.0,mg,40767760,relative_weight,0.5 mg/kg
Ketamine,35.0,mg,40767785,relative_weight,0.5 mg/kg
S-Ketamine,35.0,mg,40767785,relative_weight,0.5 mg/kg
Ketamine,35.0,mg,40795937,relative_weight,0.5 mg/kg
MDMA,105.0,mg,40800376,relative_weight,1.5 mg/kg
LSD,0.075,mg,40800760,absolute,75 µg
S-Ketamine,28.0,mg,40831094,relative_weight,0.4 mg/kg
Psilocybin,1500.0,mg,40842948,absolute,1.5 g-3.5 g
Psilocybin,3500.0,mg,40842948,absolute,1.5 g-3.5 g
Ketamine,35.0,mg,40844815,relative_weight,0.5 mg/kg
Ketamine,35.0,mg,40850924,relative_weight,0.50-0.75 mg/kg
Ketamine,52.5,mg,40850924,relative_weight,0.50-0.75 mg/kg
Psilocybin,25.0,mg,40858059,absolute,25 mg
Ketamine,35.0,mg,40879542,relative_weight,0.5 mg/kg
Ketamine,140.0,mg,40879542,relative_weight,2.0/2.5 mg/kg
Ketamine,35.0,mg,40882850,relative_weight,0.5 mg/kg
Psilocybin,25.0,mg,40883964,absolute,25 mg
MDMA,25.0,mg,40894046,absolute,25 mg
Psilocybin,25.0,mg,40894046,absolute,25 mg
MDMA,1.0,mg,40894046,absolute,1 mg
Psilocybin,1.0,mg,40894046,absolute,1 mg
Psilocybin,25.0,mg,40894333,absolute,25 mg
Ayahuasca,70.0,mg,40896210,relative_weight,1 mg/kg
DMT,70.0,mg,40896210,relative_weight,1 mg/kg
Ayahuasca,98.0,mg,40896210,relative_weight,1.4 mg/kg
DMT,98.0,mg,40896210,relative_weight,1.4 mg/kg
LSD,0.015,mg,40917239,absolute,15 μg
LSD,0.015,mg,40917239,absolute,15 µg
MDMA,100.0,mg,40958371,absolute,100 mg
MDMA,20.0,mg,40958371,absolute,20 mg
Psilocybin,25.0,mg,40972137,absolute,25 mg
Psilocybin,25.0,mg,40974259,absolute,25 mg
5-MeO-DMT,120.0,mg,41035622,absolute,120 mg
Ayahuasca,120.0,mg,41035622,absolute,120 mg
DMT,120.0,mg,41035622,absolute,120 mg
Psilocybin,120.0,mg,41035622,absolute,120 mg
Ketamine,25.0,mg,41036801,absolute,25 mg
Ketamine,50.0,mg,41036801,absolute,50 mg
Psilocybin,25.0,mg,41050149,absolute,25 mg
MDMA,20.0,mg,41051544,absolute,20 mg
MDMA,100.0,mg,41051544,absolute,100 mg
Salvinorin A,7.0,mg,41073402,relative_weight,0.1-10 mg/kg
Salvinorin A,700.0,mg,41073402,relative_weight,0.1-10 mg/kg
Ketamine,35.0,mg,41082834,relative_weight,0.5-1.5 mg/kg
Ketamine,105.0,mg,41082834,relative_weight,0.5-1.5 mg/kg
Ketamine,45.0,mg,41082834,absolute,45-145 mg
Ketamine,145.0,mg,41082834,absolute,45-145 mg
Ketamine,35.0,mg,41089629,relative_weight,0.5 mg/kg
DMT,20.0,mg,41099491,absolute,20 mg
Psilocybin,20.0,mg,41099491,absolute,20 mg
DMT,10.0,mg,41099491,absolute,10-15 mg
DMT,15.0,mg,41099491,absolute,10-15 mg
Psilocybin,10.0,mg,41099491,absolute,10-15 mg
Psilocybin,15.0,mg,41099491,absolute,10-15 mg
Ketamine,70.0,mg,41101490,relative_weight,1 mg/kg
Ketamine,35.0,mg,41123905,relative_weight,0.5 mg/kg
Ketamine,35.0,mg,41173838,relative_weight,0.5 mg/kg
Psilocybin,25.0,mg,41184102,absolute,25 mg
Ketamine,37.5,mg,41186022,absolute,37.5-75 mg
Ketamine,75.0,mg,41186022,absolute,37.5-75 mg
Psilocybin,15.0,mg,41186141,absolute,15 mg
Psilocybin,25.0,mg,41186141,absolute,25 mg
LSD,0.008,mg,41202873,absolute,8 μg
LSD,0.006,mg,41202873,absolute,6-20 μg
LSD,0.02,mg,41202873,absolute,6-20 μg
Ketamine,75.0,mg,41255293,absolute,75 mg
Psilocybin,25.0,mg,41257994,absolute,25 mg
Psilocybin,1.0,mg,41257994,absolute,1 mg
Ketamine,35.0,mg,41262415,relative_weight,0.5 mg/kg
S-Ketamine,17.5,mg,41265303,relative_weight,0.25 mg/kg
S-Ketamine,87.5,mg,41265303,relative_weight,1.25 mg/kg
LSD,0.075,mg,41305961,absolute,75 μg
Ketamine,35.0,mg,41308888,relative_weight,0.5 mg/kg
Ketamine,35.0,mg,41309552,relative_weight,0.5 mg/kg
LSD,100.0,mg,41314362,absolute,0.1-0.5 g
LSD,500.0,mg,41314362,absolute,0.1-0.5 g
Psilocybin,100.0,mg,41314362,absolute,0.1-0.5 g
Psilocybin,500.0,mg,41314362,absolute,0.1-0.5 g
LSD,0.0065,mg,41314362,absolute,6.5-20 µg
LSD,0.02,mg,41314362,absolute,6.5-20 µg
Psilocybin,0.0065,mg,41314362,absolute,6.5-20 µg
Psilocybin,0.02,mg,41314362,absolute,6.5-20 µg
Ketamine,14.0,mg,41326978,relative_weight,0.2 mg/kg
Ketamine,35.0,mg,41326978,relative_weight,0.5 mg/kg
Ayahuasca,1.0,mg,41342247,absolute,1
5-MeO-DMT,10.0,mg,41368982,absolute,10 mg
Ibogaine,10.0,mg,41368982,absolute,10 mg
Psilocybin,25.0,mg,41392767,absolute,25 mg
Ketamine,0.21,mg,41417647,relative_weight_time,3 μg/kg/min
Ketamine,75.0,mg,41456567,absolute,75 mg
Psilocybin,10.0,mg,41459830,absolute,10 mg
Ketamine,35.0,mg,41475562,relative_weight,0.5 mg/kg
S-Ketamine,35.0,mg,41475562,relative_weight,0.5 mg/kg
