study_id,pubmed_id
6152,
8321,37258715.0
1264,33852780.0
7738,
3640,31733631.0
698,36342343.0
7739,25575620.0
3637,35217796.0
4967,
3639,33059356.0
2105,
2107,28197931.0
3632,34515824.0
3633,34570244.0
3638,32975835.0
3634,30883864.0
6131,
4956,27714429.0
2480,35253516.0
4961,
6157,
3630,34326773.0
8312,26849997.0
4905,34739739.0
6084,
5737,38042914.0
2481,
801,31331617.0
2101,28548305.0
3635,37596682.0
7743,28918441.0
4785,27151536.0
5853,28375205.0
7740,33853422.0
4893,37231080.0
1959,35106880.0
8372,32763021.0
2106,27249781.0
6045,
1958,
5735,
6189,
793,
7165,32842825.0
794,
2482,31853557.0
6278,
2886,24594678.0
5905,34613430.0
3636,36266118.0
6013,
4428,
6281,
6096,
6136,
2104,
7054,30355445.0
943,8788508.0
1272,26847689.0
6287,
6228,
6965,
7057,
2103,26108222.0
8869,28443695.0
9369,30478716.0
8268,27422082.0
9370,
3765,
8248,27342447.0
8878,34035391.0
3770,33082016.0
4957,11314678.0
3766,
1531,19671244.0
5899,36997080.0
800,32033922.0
6026,
2988,36284231.0
2508,15071716.0
5697,29728331.0
6121,
3771,33860175.0
6809,23142957.0
6158,
6225,
6103,
989,
4451,18626271.0
5366,
1992,
4966,10989266.0
3172,
4971,12404538.0
3389,12172693.0
4970,10871712.0
8455,17047932.0
4355,24633447.0
6250,
8868,
8345,33781103.0
2516,26073279.0
1866,33146667.0
2507,17890444.0
6197,
6203,
4358,21713605.0
6027,
7156,37651119.0
7309,12474114.0
6028,
6034,
6029,
6021,
4969,11106307.0
6015,
8454,14563541.0
4955,
3784,21677639.0
4954,10731626.0
1917,10671903.0
5593,
1216,10917407.0
6016,
8902,9718588.0
6004,
799,28432376.0
2404,
1383,30478103.0
3533,11752122.0
791,
6003,
4359,24448644.0
6000,
7745,25655950.0
6035,
6041,
6040,
5698,20643699.0
6494,23118021.0
6023,
716,20947066.0
6602,11720096.0
6581,30371148.0
131,
6060,
6043,
9392,
5695,31065731.0
5688,33972795.0
699,28232170.0
5689,37404971.0
8711,
1829,30196397.0
6170,
9257,33235285.0
2669,31808268.0
6176,
6047,
7002,34114250.0
4023,32500209.0
3799,33345689.0
8114,34708874.0
6057,
3178,21674151.0
3928,
8344,20855349.0
7463,
8808,
6134,
4968,
6344,29945469.0
956,32538252.0
9436,34619818.0
3176,27909165.0
7521,
3179,16826400.0
165,
6241,
3180,
6195,
2389,
3174,18593735.0
697,34743319.0
6475,36332827.0
1267,27210031.0
3192,
5872,35076721.0
1749,
4823,34519567.0
6120,
6011,
163,
8555,29101022.0
3240,35166158.0
4509,
917,36001306.0
3238,
912,25586396.0
6010,
7786,10638409.0
7726,33184743.0
161,
6296,
3580,33663259.0
8089,36938991.0
143,
151,
7192,22817868.0
1266,29119217.0
4658,36386973.0
3059,36322843.0
1263,
8795,
203,31916890.0
3060,36740140.0
146,
56,
2406,
7484,27909164.0
5595,
6163,
4885,37302533.0
3061,37443386.0
6229,
6292,
9486,16894061.0
2421,
7727,36416492.0
3177,29020861.0
7720,
6232,
8923,36636296.0
2410,
137,
3195,20819978.0
2864,25563443.0
6116,
6243,
9435,35207210.0
6239,
7525,35090363.0
6288,
6097,
3189,
6114,
6193,
1771,35660802.0
6231,
2408,
2766,
6144,
155,
145,
2397,
636,
1884,35411074.0
2388,
2525,30283029.0
641,
4019,36241352.0
160,
2426,
1819,29282469.0
4508,24882567.0
634,
7719,
6285,
2393,
638,32042038.0
6101,
164,
2256,33653121.0
6244,
2257,37153136.0
5935,
477,30772118.0
1731,
2916,
5849,
1166,26395901.0
2384,
2409,
6066,
2392,
5919,
2043,20679587.0
152,
2423,
695,32437573.0
5918,23982301.0
6148,
2405,
2407,
4729,24821196.0
9484,22297150.0
2414,
53,19897179.0
2387,
2398,
8051,26707087.0
2395,
8153,
2377,
6001,
2427,
2380,
5475,26415966.0
2422,
4976,37205558.0
9588,
7466,36672348.0
2386,
2382,
2417,
2381,
2390,
8836,30346333.0
8417,23182590.0
7943,32591498.0
2419,
3704,26478208.0
9572,30278319.0
6080,
9573,30789302.0
4420,34882570.0
5920,22840761.0
4730,
3260,32600480.0
7940,
2255,
8380,36044154.0
4688,24910102.0
2535,33397139.0
6067,
9339,26578082.0
3147,
4014,37974160.0
1964,34623633.0
1437,30081380.0
6899,30922101.0
1963,34510411.0
9182,34421299.0
2536,37404970.0
6902,
2112,30246667.0
4570,32301056.0
777,10686270.0
2650,25038867.0
9571,32658821.0
3063,
3791,22298121.0
6903,35931041.0
4949,17853274.0
8351,36966411.0
7402,
4948,17525879.0
3216,29202655.0
7130,
8154,
5914,
5921,26266877.0
5006,36799961.0
1451,34752941.0
5173,19744406.0
58,35110300.0
1228,33542187.0
2497,
2539,24740528.0
1240,29656663.0
3819,32861217.0
3822,27232360.0
2939,24374115.0
4307,33060432.0
4025,35179810.0
2552,34090255.0
6524,36112599.0
2487,27926528.0
2763,32412700.0
1913,34971723.0
2044,20673547.0
1239,34412104.0
7401,
9232,31729893.0
135,
1237,
6212,
3903,23805864.0
4308,31123668.0
1694,25847818.0
530,33929489.0
2113,33583341.0
127,
816,
8052,27056608.0
7598,31494365.0
5022,33478865.0
7190,28242871.0
8062,30107350.0
1453,34597436.0
2035,24699062.0
1755,26893373.0
5967,
9175,34186531.0
3959,27317968.0
153,
3001,29561204.0
5513,32664031.0
2383,
1488,
2401,
2385,
2378,
260,29727073.0
6072,
2425,
2490,36516343.0
2418,
3112,35012326.0
7945,
2420,
470,
7396,32871688.0
7942,32871534.0
9592,34633992.0
1484,
77,35046508.0
336,
2400,
352,28359862.0
9174,
7898,
3173,
6168,
2299,35020871.0
338,37224232.0
6898,32487236.0
9277,34076068.0
6082,
305,
4410,
1455,31913927.0
3398,37005739.0
7302,36260324.0
2399,
5446,28372596.0
3792,21466832.0
4921,34952122.0
1650,31786030.0
2805,35036831.0
144,
1496,
1456,27828927.0
5834,29733561.0
5079,
6108,
2023,
9575,37160235.0
2605,30531397.0
3925,
3817,30286416.0
1871,37142308.0
1671,30858518.0
2915,28739263.0
5080,
1497,
6031,
234,28514237.0
7941,24268616.0
7900,
4421,36573651.0
6078,
6403,
7403,
8749,37392089.0
8177,
8481,28849779.0
1537,
6901,31759333.0
1737,30004254.0
1236,
7077,19545857.0
8982,25271445.0
3148,
4784,37520237.0
6236,
809,
4179,36070831.0
1238,
7980,33483802.0
3000,31526207.0
4841,26919405.0
6361,24922494.0
6469,36302492.0
8989,34971992.0
1807,31230464.0
405,29660637.0
4112,33347027.0
1799,35193541.0
6789,37075822.0
1196,34904800.0
2820,29542371.0
808,
216,36623562.0
8041,36724113.0
9416,
1806,31786934.0
5968,
7397,32539491.0
7200,23428794.0
2556,28666206.0
4031,31374046.0
2813,37496742.0
6106,
1446,30925267.0
2538,
8713,36846225.0
5280,33065824.0
6204,
4924,
6584,36529623.0
3057,
3758,37489299.0
5838,33859685.0
7519,34853114.0
4252,34727422.0
2999,32065415.0
3214,28452409.0
319,
2601,36804489.0
2049,
9594,35176337.0
1510,37181888.0
3305,37844352.0
9173,30063304.0
1418,
7497,33307947.0
6456,
5789,17196053.0
5286,36507365.0
7437,32448048.0
5598,36651238.0
3757,
4057,27441452.0
3018,33143790.0
7073,
7946,36360672.0
7465,30995364.0
5930,31382100.0
6447,
3598,
6730,26554325.0
4241,
4364,35285280.0
7074,24668760.0
2542,31290965.0
4798,25698228.0
2114,31733088.0
5395,32056741.0
54,22705040.0
9520,30927581.0
4739,21557878.0
558,25169854.0
7580,38283689.0
4523,28097909.0
5405,19288975.0
2794,35990286.0
5032,36451150.0
7253,25773961.0
7976,33774537.0
652,28342764.0
3894,
889,35994774.0
772,33888297.0
6357,
3593,34953926.0
5572,34421675.0
394,36970275.0
7075,36071111.0
9238,34398056.0
9595,30260273.0
3909,
9000,33387333.0
3992,32638920.0
1098,
497,33175580.0
5915,25374095.0
9596,32720857.0
1430,
4165,37902038.0
7351,29525051.0
4938,36800597.0
1443,33176071.0
9565,34965393.0
5001,37332247.0
6321,
8987,
128,
5023,33031861.0
1447,
2753,37483552.0
2553,36383742.0
211,
6037,
5739,34483991.0
5396,36729145.0
9603,31617335.0
4815,37963146.0
8180,
5122,
2998,28441895.0
7554,28271731.0
7012,31109201.0
5515,34034067.0
5408,30572160.0
2762,
9179,28490030.0
3818,
5494,25010396.0
8533,30182797.0
1129,27753551.0
8352,
5802,14727004.0
2168,
3257,36670198.0
3353,
5584,37043224.0
4058,
8687,34985832.0
44,
8087,
4424,36209780.0
3594,36516320.0
5898,35431912.0
734,28657160.0
979,36169969.0
410,34153630.0
4117,
1389,30427812.0
9198,36149841.0
9307,37156269.0
6146,
586,34411009.0
5568,32852658.0
5495,25684151.0
2719,32332464.0
563,29448238.0
884,22784486.0
72,22847373.0
9195,30153752.0
5555,36375231.0
7435,26548981.0
6739,28971157.0
2376,
6421,21482474.0
6672,32459407.0
2034,33706168.0
6044,
2825,29700801.0
1522,
2379,
6383,32270176.0
6141,
1882,33833217.0
9612,36126513.0
762,35122282.0
5213,33524683.0
5525,33929660.0
1981,33017679.0
7011,
5511,32871689.0
9495,37060953.0
9331,33360864.0
4370,26867988.0
1820,31166571.0
5328,
6330,34225208.0
6731,
4220,
3592,34538369.0
73,
7956,28757132.0
3111,32485203.0
5121,22978511.0
9567,36309806.0
6385,
9574,30590286.0
528,33022440.0
5081,27028832.0
2092,31994024.0
8777,36581972.0
5641,
9563,33604173.0
6180,
9508,33118052.0
1649,30235716.0
9421,24091902.0
8497,
7240,37792613.0
9629,33305900.0
5700,23172889.0
4236,37352755.0
9466,
1439,34530484.0
1429,
9532,29149755.0
7223,
4008,35387538.0
1433,31421635.0
8990,32565534.0
2416,
6490,31734084.0
8635,37019044.0
1729,
659,31981856.0
5000,37490687.0
8350,28492279.0
6507,19935085.0
5686,
1703,32777649.0
4988,34705064.0
5900,33892777.0
7225,30826253.0
9577,27208499.0
5040,31948296.0
8122,35546042.0
1314,29847468.0
4754,
1891,36907464.0
3850,
9590,35473735.0
5025,33267928.0
3715,
5644,32785636.0
7414,
7807,
2250,35016117.0
8213,
7594,26807672.0
1961,18250253.0
5997,
486,28576285.0
8613,
525,31437480.0
8239,33860182.0
8487,34150406.0
6061,
1445,33471146.0
9007,22622291.0
5684,12044624.0
547,37398594.0
259,35429529.0
7990,19604642.0
4006,29167877.0
337,10711913.0
5364,37656045.0
6171,
6837,37557019.0
5099,32115848.0
4792,29947916.0
7777,26834167.0
4244,
6450,24103187.0
8636,
1730,
5690,37709999.0
3837,
6325,26423481.0
221,
3825,
8752,33841195.0
1262,
6062,
4914,34587546.0
3927,
6258,
6608,
8218,34744825.0
6245,
8077,37392016.0
1450,33239245.0
1657,21033454.0
5543,35760879.0
7621,26650973.0
6274,
1696,32608093.0
2431,29580569.0
4592,12088953.0
3237,35431578.0
2818,33427944.0
148,
6345,35286849.0
7021,23259912.0
3876,
7803,37875938.0
6843,36386199.0
1364,
3728,19733106.0
3796,25616995.0
7574,32061453.0
4129,35181391.0
5139,32529966.0
6173,
8307,22020992.0
7295,20173436.0
8976,35048815.0
6870,
3492,37795513.0
6468,35924888.0
2424,
3977,
3071,32073177.0
578,37385001.0
7399,33836470.0
7405,23783065.0
531,35231204.0
6133,
220,36192794.0
154,
7597,30597688.0
8731,35072760.0
3631,36507738.0
6855,17458544.0
8349,
6422,25311285.0
7861,33601929.0
6470,33770540.0
7557,32367114.0
3820,25295436.0
6402,
7863,31308191.0
167,
6800,37488291.0
6643,
2359,29923178.0
8936,
2396,
9562,31957693.0
7875,29718262.0
8889,37221177.0
3306,24103211.0
1436,30153598.0
7817,
4544,35166663.0
6502,
6132,
6699,27718369.0
4543,
9630,
2391,
5381,37689275.0
6222,
6162,
2720,30641350.0
482,35101523.0
5316,16771893.0
691,33115424.0
564,30099268.0
8959,32316080.0
4249,37255674.0
8634,34288609.0
6446,
9071,37748853.0
6491,34750057.0
980,
4349,35873251.0
763,
121,31791675.0
8120,31783823.0
5991,37795509.0
2765,32038315.0
7860,34894842.0
7078,36128684.0
1763,37479669.0
1647,22521148.0
1486,37148637.0
4782,32078034.0
7055,32111343.0
6367,
664,
6894,18996507.0
1942,36545037.0
1452,34592639.0
526,37968944.0
4056,25213996.0
342,33125716.0
8947,35578581.0
7603,
2033,34507101.0
347,33150319.0
2863,31084460.0
8470,30685564.0
7110,37230065.0
9239,34046159.0
6074,
6448,
9197,36525338.0
6423,34333555.0
579,35267254.0
8335,29085980.0
1442,31437695.0
4922,37178823.0
1441,33959800.0
6644,
7573,33267926.0
8498,
8991,
7415,31397251.0
6358,23676198.0
5954,33615749.0
1736,
8496,36419181.0
5346,36167246.0
3017,31931272.0
8176,
9442,36181911.0
4977,34839364.0
7216,37409159.0
2118,37798662.0
3926,
2162,34235612.0
78,25122038.0
5343,36636839.0
1685,22190250.0
4579,8122957.0
2473,
159,
162,
1670,36620306.0
9420,
1229,36963514.0
5082,22858219.0
5917,25689570.0
660,
8747,27656788.0
4581,16395307.0
1438,28922734.0
9171,30653192.0
5564,33991996.0
5910,
9496,28424861.0
7207,28422805.0
7378,35492018.0
6098,
1139,37491833.0
4494,
8370,33781107.0
633,35051953.0
9589,32056760.0
6445,
76,
6068,
1787,
4711,12065963.0
5024,32948309.0
997,9447860.0
668,37273242.0
1444,32419678.0
6038,
3682,33680344.0
6194,
687,19535988.0
1530,
9381,32812388.0
1462,33386430.0
9340,28357557.0
1776,23670916.0
9568,30852364.0
5249,29666578.0
4694,25691504.0
4816,34183351.0
4999,37199914.0
6019,
6869,34806165.0
8412,33809766.0
5706,30116859.0
6375,28067693.0
6740,16220331.0
8948,
4731,15719220.0
7224,30094160.0
2955,
635,
4783,36871913.0
7090,
4005,
1507,35727042.0
7456,29387009.0
6058,
2413,
6012,
3371,22302890.0
637,30062577.0
5048,31430662.0
5995,
5625,12909392.0
2373,37738705.0
9521,33579768.0
6224,
6282,
4633,
8143,36173202.0
5375,30336852.0
562,28477497.0
3995,23475029.0
6295,
4653,29348651.0
1052,35272210.0
254,27387226.0
6322,9885791.0
914,29515439.0
185,31633254.0
3821,25400146.0
9591,30157913.0
6025,
4708,37396782.0
1041,36331048.0
7049,
5828,29392371.0
290,35688035.0
1432,32726408.0
6998,36630183.0
8048,
9505,31798447.0
6646,29903051.0
1803,24480515.0
262,35891578.0
6954,29742583.0
5624,11981237.0
2817,32648790.0
5987,37337526.0
224,
6419,29938565.0
6380,22890117.0
4683,8526975.0
8342,22363492.0
3217,31415914.0
9542,
2137,30102078.0
9379,37442447.0
8320,8297217.0
4573,15309376.0
7105,28744219.0
4582,16143730.0
1805,24035344.0
7056,
1347,28922961.0
1351,37558912.0
6714,21318566.0
6665,35179622.0
7587,
6527,35188952.0
1822,35095617.0
6366,29501990.0
9446,21456632.0
2227,18305926.0
7520,
1987,36516137.0
7890,
846,
7243,
3896,36569662.0
1886,31231276.0
7477,
2148,27354908.0
7419,19195429.0
8977,
8748,
9570,35772627.0
7242,32098487.0
4474,36876583.0
6884,37574600.0
8187,34852736.0
1042,
6664,
2411,
9196,16191719.0
5600,37732856.0
1434,35940087.0
7467,35975555.0
2957,29668918.0
1524,36405923.0
5635,29178663.0
3866,
9556,35750094.0
4728,36481228.0
120,32861983.0
276,26275358.0
9564,36173064.0
1824,36889160.0
2415,
401,
6234,
5743,36271352.0
9566,
6850,25347227.0
8908,12691207.0
9006,36862862.0
692,34563973.0
8798,33307338.0
9332,26137324.0
5597,31941394.0
4521,
1659,35822534.0
2887,25389218.0
7453,29288686.0
7591,26440233.0
8599,26489663.0
5797,
8847,24684390.0
6240,
1352,33884324.0
6360,29039254.0
5315,34915762.0
9602,32621379.0
9501,30369433.0
1401,
1283,29030624.0
1543,32479321.0
8414,
141,
5136,33074143.0
9467,18499623.0
1925,24434008.0
1615,33787963.0
2017,
6190,
1796,
6093,
3354,35172727.0
9126,24740469.0
6749,33487513.0
7264,
4276,36536916.0
6213,
7895,32554207.0
8616,37256163.0
5171,27046644.0
7491,37335211.0
6271,
7263,30077114.0
2124,31586838.0
9242,37259323.0
6183,
953,35749277.0
6007,
7061,
519,
4350,34658861.0
2822,27886522.0
5483,34189985.0
5071,17115871.0
3783,24097374.0
7767,37004409.0
9244,31680600.0
8681,33694031.0
8732,
1597,29699723.0
4650,28735368.0
9579,35568275.0
7338,37838755.0
3603,27986606.0
7746,
7258,37953937.0
6748,32255395.0
8746,27929610.0
6440,
7761,29377404.0
6438,
8178,
75,30999057.0
2229,11377920.0
5988,37167563.0
2207,37270621.0
8910,10367553.0
8692,
85,12681371.0
7535,
8801,37223704.0
8220,32895801.0
790,
3277,
2861,33611977.0
8102,30965131.0
6316,32700023.0
8166,36275302.0
1645,16754834.0
8763,32931403.0
7048,
1277,24495461.0
717,19680634.0
7047,
2143,21842159.0
2152,34166299.0
2245,
3537,33309459.0
2153,35107855.0
2761,16228196.0
4651,
8100,31649304.0
5804,16896964.0
4899,26821769.0
2186,23337947.0
8059,36713926.0
5482,35355714.0
7961,21109365.0
9509,37146908.0
3183,
6574,25806551.0
2547,33221932.0
1879,37734158.0
7064,29555857.0
7964,36433778.0
6115,
2307,15621365.0
2209,32699231.0
6050,
8957,28635375.0
8963,
5188,21956378.0
5870,29560311.0
3328,21062637.0
7822,31814488.0
6105,
8970,28195139.0
1291,23540908.0
5871,33219313.0
8477,24114426.0
1255,29116367.0
4389,26390148.0
4911,
624,30849288.0
7753,28967351.0
6160,
7089,34440508.0
4422,37818448.0
8966,37094657.0
7611,28525587.0
4459,22578254.0
4353,
7679,23049758.0
2879,
5923,
7311,11292011.0
6443,
5317,
2402,
1843,15336517.0
8538,16510479.0
9455,
8956,
8457,11714594.0
8259,33501857.0
3604,27578365.0
9032,24728603.0
5457,10591869.0
5873,28940312.0
8257,
5267,34267683.0
7052,
5070,20693876.0
8483,21616979.0
9503,37608057.0
9235,16714323.0
9119,
5815,
4506,29167644.0
8809,14533132.0
2062,30953835.0
1744,
7545,
1808,29309770.0
3427,18635693.0
1081,28353056.0
8466,23490576.0
8741,22808116.0
9149,34253268.0
3008,37484678.0
4642,26907605.0
7363,26966023.0
3302,29143869.0
91,6601463.0
9314,
4943,
7051,
3363,
7426,16163532.0
5545,
3452,29782960.0
4684,11343683.0
4576,10463321.0
8240,36299539.0
6877,15465973.0
7710,17548754.0
3451,31095995.0
6377,29515449.0
5459,10367560.0
5717,15221201.0
8536,16128720.0
5177,11565625.0
8811,11205419.0
6159,
7815,
1846,
4423,35923458.0
3962,17476480.0
8429,
8503,
3774,16510486.0
5419,20389132.0
9084,37264814.0
201,33860184.0
5227,28768346.0
8535,12632248.0
1765,22717030.0
50,
8888,37166623.0
7305,12047486.0
7050,
8318,8297216.0
4356,25281223.0
7392,
1841,12706227.0
5118,37897244.0
4944,
5808,
7060,27091970.0
7312,16575552.0
2602,
7062,
6693,
8413,
700,23001254.0
5812,11862362.0
1938,
1135,36545240.0
5470,15088077.0
927,
6717,
3097,15893163.0
975,20084368.0
7210,
7280,16574713.0
9051,23241648.0
1295,30717615.0
7276,
824,
8644,25563444.0
3680,17605005.0
3479,12404540.0
1952,
3807,18635709.0
6718,
7389,10958112.0
2913,
7713,19823808.0
2807,24015828.0
5546,
41856690,41856690.0
6724,10821995.0
7427,14652710.0
6720,
1747,11331033.0
3336,
41848690,41848690.0
2682,12110998.0
2684,11769821.0
4755,27599522.0
3649,
9034,24682132.0
9469,
7123,
1633,37530403.0
7742,25052243.0
4644,18974173.0
5816,11105933.0
8740,21562484.0
4638,16272186.0
5803,14603267.0
4656,28372480.0
3956,
6436,
8810,
3107,12921915.0
7796,
4636,24972084.0
4631,
1388,23435274.0
4635,22946487.0
502,15168910.0
4652,
6941,19351799.0
6137,
3480,12404570.0
7071,
3096,10811694.0
1939,
9522,32763531.0
988,23793226.0
6914,19946940.0
7362,24080019.0
8138,18635698.0
2232,22871531.0
2627,
9114,24190587.0
7360,23803689.0
719,
9039,10832513.0
7367,25066866.0
7365,26333432.0
2176,
3285,
6723,24333019.0
1848,12404543.0
657,34603053.0
1040,37749109.0
3963,
6563,38069478.0
2031,22147810.0
5020,7573905.0
556,35429526.0
8295,21154218.0
8196,26979587.0
8415,33648632.0
4532,23976938.0
3645,18562599.0
4143,33479342.0
9282,
8682,30105399.0
423,28939573.0
1722,37949934.0
7391,
5704,
2178,2880948.0
7546,31203401.0
1750,12759801.0
5468,
3410,35031816.0
6986,30726251.0
7361,23532375.0
7155,35370864.0
9225,
8365,
7656,
1688,16782178.0
4035,32139811.0
8398,36001643.0
2154,
985,36962494.0
5524,31843628.0
8325,
87,12634489.0
6191,
3511,35253517.0
1864,32704581.0
3548,11105938.0
6845,33967757.0
7381,33843820.0
6123,
6264,
1345,37468572.0
6198,
4096,34983249.0
8679,31822925.0
3304,
3840,
2167,37606733.0
4587,
4473,35672900.0
4884,
1269,22308440.0
2360,30816797.0
1814,31521869.0
4807,
2954,31928949.0
6008,
3678,
8432,34803754.0
8606,32900266.0
2956,35728680.0
1989,37003409.0
2223,19164498.0
991,25637267.0
4470,37160885.0
6220,
5894,37076582.0
8387,10989856.0
2878,30819549.0
7097,
6474,
1109,
8696,27039035.0
7370,19631624.0
7454,31294673.0
7368,20417713.0
7158,
7782,22209360.0
6498,
8219,36373934.0
283,18562414.0
8430,24989126.0
1513,15682309.0
4693,25313512.0
8364,15671133.0
382,36789509.0
6891,11818769.0
1793,12955295.0
3835,
2474,15922511.0
1360,35918311.0
4789,36193898.0
6449,29487402.0
3839,
2830,
7328,12742139.0
5230,22704044.0
2430,29748628.0
3337,21205042.0
5761,20521322.0
7424,15741482.0
4367,
393,
7643,35676541.0
4854,11119398.0
8825,
207,31978933.0
1912,27729865.0
2004,31275104.0
1309,29407543.0
7265,17619860.0
1998,21444322.0
2555,27888525.0
2225,20817749.0
1130,21390504.0
5757,16010539.0
4558,12495789.0
9036,17295197.0
8157,26612618.0
591,33878621.0
5215,
9273,
902,17591659.0
718,18208933.0
7779,
1083,28541119.0
7214,34912222.0
170,
7425,16941121.0
8527,23627784.0
229,
5813,9718589.0
2821,27892759.0
6452,21953632.0
6389,36584715.0
960,
3650,12888783.0
3687,34785376.0
5464,7517677.0
7364,26855234.0
6993,16880489.0
6374,30246357.0
5107,32324515.0
6496,12109952.0
7781,18208917.0
4732,8923336.0
5460,17203011.0
7369,23746613.0
3775,
5456,21603895.0
5189,23135605.0
4780,31778967.0
7970,36907889.0
4064,21131142.0
6453,
1710,
3054,37086340.0
5247,37253161.0
2938,23223117.0
8596,
1655,
4133,37638529.0
6135,
9471,16571556.0
202,37276086.0
4930,23899429.0
625,36238946.0
7778,
7593,30312839.0
1877,30822141.0
7304,15179026.0
5498,
3100,16342002.0
8552,36940333.0
5158,
178,37291360.0
1482,34228135.0
7313,12660312.0
7575,
1254,32500212.0
2155,22005052.0
6199,
6670,32023369.0
6099,
811,31440588.0
3736,35809678.0
4230,32860422.0
8276,25122044.0
4578,9498724.0
2625,22700465.0
8874,
5998,
6090,
4574,10664830.0
6005,
8117,16957494.0
6641,29867602.0
8918,15034712.0
6698,32677051.0
469,37192642.0
6091,
64,
6977,31500679.0
1448,36898326.0
7272,
6249,
8694,21232924.0
3555,37201900.0
139,
5206,32146028.0
1077,20119830.0
9083,37122239.0
1487,
9313,28866005.0
8488,
9431,24142202.0
2729,11559960.0
5712,36571375.0
5377,
5618,33888426.0
7124,21956447.0
518,25922420.0
7506,15677610.0
7730,
5928,
6821,36183860.0
3720,19422355.0
421,37378010.0
2278,
2828,10989265.0
7212,16574712.0
1276,22282432.0
1035,32803732.0
8782,27568200.0
6268,
7277,11600108.0
1948,17077812.0
9038,15641126.0
5628,37051610.0
1759,22110616.0
8104,
5512,34332360.0
7750,22836372.0
5945,22189657.0
1165,
1842,15372137.0
5703,32929215.0
5469,19890014.0
8319,8731519.0
8043,33933839.0
7352,33249434.0
1329,
9410,
3742,32968108.0
2929,
2686,12404541.0
1319,16269092.0
7226,34695117.0
1148,15380289.0
764,
4292,33995022.0
2670,30426183.0
2626,15527532.0
5733,
2222,19074534.0
9607,
6030,
7337,
3236,16574715.0
8140,
2174,27133029.0
6523,38025433.0
5378,32446245.0
4298,25554429.0
5716,
2816,29867608.0
4634,
1937,23009959.0
8371,31495712.0
1278,27071089.0
2831,10683849.0
802,26787430.0
6591,15357562.0
8317,8788488.0
3002,33210159.0
1941,24667166.0
4458,26231498.0
7268,11741626.0
69,32092760.0
4141,26257162.0
2252,35294453.0
710,37185950.0
8431,27085214.0
2671,
7837,19336788.0
3782,22700038.0
8671,25107829.0
1792,16316723.0
7187,
6427,15560968.0
4887,28711736.0
7063,30692255.0
7186,
2936,15960638.0
1745,30758327.0
4701,14870949.0
2829,
3149,33902087.0
5466,9807990.0
2231,22676966.0
831,1069314.0
183,21901316.0
4491,34126264.0
5897,
1918,11085324.0
184,25691501.0
6648,33567945.0
1679,21603893.0
6284,
7170,19092784.0
9040,14735294.0
5621,31570056.0
4826,27075438.0
4850,16903453.0
4639,16508761.0
1220,32578718.0
6055,
5817,16292322.0
792,
6635,
3160,30020423.0
7172,
2269,
2880,
4825,33747545.0
1559,11741758.0
959,34867525.0
4824,35580701.0
9124,23609769.0
3175,31013281.0
2874,37533588.0
6906,25171488.0
650,30574112.0
8553,31745107.0
1740,23909006.0
6413,28402682.0
6621,33122965.0
6979,26875114.0
86,
8843,35743788.0
7386,
2501,32252062.0
1281,
2502,
7354,
903,
6451,30551012.0
6022,
7436,37341764.0
3605,25896256.0
4643,21616977.0
4567,
7174,37159257.0
3182,29703645.0
3020,17497553.0
9472,12214826.0
187,9611670.0
9044,
7126,16425060.0
1825,
3646,15537676.0
1849,14561934.0
4645,17219216.0
8909,15982991.0
3647,
3364,18384979.0
2161,28825422.0
7504,
5944,20727411.0
6649,31247301.0
5544,33212404.0
3681,16510487.0
9151,35158230.0
1580,8787037.0
973,
4935,27977717.0
5845,37459910.0
7601,21807471.0
2160,
4195,
5759,28631348.0
9037,15181650.0
2279,36762714.0
5758,15943546.0
6087,
7168,16160704.0
4786,26010878.0
8911,
94,
1751,
5887,
5756,15668817.0
5760,17960556.0
5755,18512857.0
3679,
4910,
6605,12105117.0
4665,29372569.0
869,20615932.0
3463,33420592.0
9470,
8955,25155312.0
2628,16915582.0
4383,
8264,
2806,22302139.0
1554,18515464.0
4762,29123145.0
5657,9797933.0
8042,34973601.0
8660,17591661.0
2623,18515461.0
814,27859780.0
2927,
3780,22277989.0
4931,24106975.0
8101,32820851.0
890,
4357,24882155.0
834,37348116.0
8767,26630613.0
7262,29160330.0
2622,24446108.0
1968,
644,28790944.0
2637,30852397.0
8519,28556775.0
3648,
218,14499316.0
6568,
6606,17523988.0
7537,22851941.0
8937,32497976.0
8712,24267407.0
532,
3588,
7406,26104826.0
2930,12191827.0
8400,
5647,15219343.0
2912,
7702,9788011.0
3436,37384948.0
4847,10836284.0
5738,
2187,
1102,
8706,9683005.0
6690,23112822.0
1001,28722422.0
4390,25693889.0
5943,29105665.0
8249,30357437.0
2370,28397841.0
4403,35124400.0
5221,35157985.0
7903,26123243.0
4901,30959192.0
4720,35779673.0
9211,32642957.0
9412,
1845,18649072.0
5801,19111280.0
2332,10355218.0
4103,
1828,30909821.0
1892,32003691.0
2506,
5772,21302161.0
3651,
1789,30627504.0
3653,19890262.0
2123,37310110.0
690,36093918.0
602,32186250.0
5154,36066961.0
6725,27626048.0
8817,22906553.0
4500,29528296.0
7318,21161184.0
9194,31467392.0
4254,
798,31042696.0
8485,
7483,33860185.0
7515,32469809.0
8495,37949235.0
7826,15910012.0
9523,37786893.0
6828,32804743.0
5680,
6439,
751,35504148.0
1653,34131812.0
8971,37819655.0
8119,36244360.0
3394,23061320.0
1692,34096403.0
639,28401522.0
3899,16192986.0
2053,35212235.0
1126,23968172.0
640,26442957.0
3215,
3970,
2789,36797233.0
6247,
6269,
1911,33385439.0
9226,37964603.0
4118,25980482.0
7271,
7608,35174754.0
6684,23200737.0
4510,26909323.0
5207,34246868.0
2996,25279818.0
6487,10627804.0
782,23861318.0
987,29452127.0
3692,37403379.0
2331,25679135.0
6221,
292,25820842.0
8292,36270812.0
7275,
4151,
4404,
6227,
6128,
8639,24327452.0
6085,
2788,35792293.0
1511,
5869,30439373.0
5926,24048847.0
2157,
6600,14722327.0
7997,11672947.0
6280,
2673,27180314.0
4626,
7509,32643995.0
1844,15193766.0
2926,
2439,37284524.0
4265,31543078.0
71,29977074.0
748,35022823.0
2709,29674223.0
5805,16140283.0
356,30604183.0
3346,28711472.0
173,
986,19004414.0
2243,
992,27470427.0
5415,34530843.0
1874,30020025.0
1950,
1076,17457578.0
4982,23062452.0
4507,28386699.0
1797,457881.0
4740,28678583.0
595,
8799,34255943.0
4934,21035788.0
8263,
9250,21969106.0
2469,
9419,
4134,32299306.0
675,
1034,36017784.0
7230,28947181.0
6645,
7813,35861202.0
4177,36411719.0
8600,19705674.0
1868,
941,
8710,35348806.0
5627,34975614.0
2454,20554400.0
6538,30732540.0
1875,25052792.0
4432,23392532.0
180,33860172.0
7712,19042106.0
3832,
4063,26880225.0
5782,21320226.0
7460,32108529.0
8760,32899469.0
3733,
4092,36189781.0
6404,
6713,
4661,38025484.0
8678,33949246.0
8034,15194202.0
3283,
4524,
4415,21742012.0
4781,32043165.0
1642,23776445.0
4632,
8901,
6337,
603,36574497.0
2940,
1099,21993879.0
5832,36515370.0
2358,
8905,9088882.0
7455,24904346.0
6541,34537829.0
3105,10102781.0
7442,35773270.0
8674,
1038,9167508.0
6777,
8036,22908109.0
5379,33833225.0
9140,37074860.0
8675,
8038,26806601.0
594,18030450.0
4102,
2755,24524290.0
829,37842360.0
1850,19304859.0
7083,30357434.0
2462,34052834.0
9608,33661659.0
8221,24770624.0
984,20735886.0
2097,32570275.0
9298,19361931.0
8035,22387807.0
4959,11166515.0
6454,27230395.0
1811,35179623.0
4860,
5380,30905276.0
3769,31152167.0
208,
4932,25761158.0
9411,16293272.0
8900,17299516.0
2465,20080926.0
6362,25539512.0
7125,
9045,
440,
8080,37817501.0
1888,15776985.0
8704,34176409.0
3691,37969069.0
9614,
8637,14519179.0
996,
4250,5853736.0
1435,33370585.0
8804,
2477,37568215.0
5646,15816011.0
4326,33887665.0
1890,
4761,35322297.0
8621,10788760.0
7468,
4065,22129843.0
4142,27084302.0
605,27653781.0
5246,37869513.0
52,16001106.0
420,36845985.0
6042,
8870,29912955.0
188,10518181.0
2459,30925850.0
5890,9222184.0
147,
6677,27206266.0
1028,29302713.0
7344,
5276,26874330.0
7474,21590281.0
974,21952668.0
8703,35225143.0
4426,35012793.0
6435,
3719,34319246.0
2244,
1483,
3253,22036036.0
6235,
379,38056906.0
3689,29947091.0
6070,
6100,
6331,31587414.0
485,25231491.0
4119,
9112,32627308.0
7644,33307427.0
5039,37576915.0
2925,
6294,
6266,
1684,
8247,19512973.0
5012,
9147,36669231.0
2566,37526094.0
3367,30577083.0
1369,33475213.0
6174,
5397,
3601,23183639.0
5398,24478731.0
1748,16574717.0
6302,22020346.0
9374,35525189.0
3916,
4530,22406913.0
4059,28095732.0
3918,
4046,25744618.0
5723,29388288.0
3288,
3476,17591658.0
3099,16123739.0
2214,12404544.0
1108,
8906,9088881.0
6209,
6755,15897673.0
4038,37334486.0
5132,34364200.0
7751,29206921.0
8578,14687957.0
7715,34812901.0
2102,28551715.0
5467,15841106.0
1107,
7816,23770644.0
1966,35111569.0
317,
7752,28525569.0
7839,10621770.0
4888,36815187.0
4251,11032974.0
4787,30873690.0
3442,
6200,
8680,30982127.0
9025,16618622.0
8105,
3491,18546441.0
9125,24441968.0
8010,19538903.0
4460,23785166.0
8981,19703509.0
9302,
8800,
8508,
3904,14405870.0
8797,34170315.0
4070,32934512.0
7269,
5297,27779447.0
6290,
1058,28397321.0
2180,23370794.0
8198,
9613,37235749.0
1394,
7914,37579527.0
129,
513,26880224.0
1440,37487293.0
6086,
9611,
9578,37435405.0
9308,19042593.0
8262,
1770,22113087.0
7131,36821406.0
5432,
3330,23265089.0
9353,
514,20627425.0
5357,
8434,
7140,
7490,35426754.0
2117,30406413.0
4876,36049604.0
1106,11473208.0
6683,28866299.0
6432,16175956.0
6488,12052669.0
4640,27435062.0
1395,
7037,26361209.0
853,
2150,27810345.0
3303,37915796.0
6719,18654086.0
8123,24595967.0
2511,
1100,21741814.0
4606,26940022.0
3406,35694791.0
1180,
8156,
6425,
2088,16149323.0
1054,22516739.0
5901,
7814,22607716.0
7488,35301934.0
7538,24606066.0
6263,
3506,
402,35506737.0
4583,12888778.0
6391,37336163.0
604,16149333.0
6607,
2483,
2800,20673888.0
1287,20395317.0
250,
2116,34411343.0
1006,12814501.0
7684,
2995,27870477.0
6566,32220028.0
647,16048831.0
7613,12208028.0
8236,32818917.0
9101,35365378.0
1362,35756295.0
3045,31938878.0
5896,21898599.0
3044,34025402.0
7036,37999867.0
4161,30100932.0
2572,37213965.0
7267,30474794.0
7169,17034441.0
4152,37947195.0
713,24694926.0
7681,
4054,
1791,16242244.0
5241,9272481.0
892,
40442205,40442205.0
2151,
5516,27979332.0
3767,
4641,16830130.0
1273,25242255.0
4940,
7998,
7178,19939585.0
6291,
1953,
1651,28591272.0
1171,37213356.0
1738,
3912,
3450,
5556,32353691.0
9163,
1887,
4584,9554431.0
1037,16798678.0
8297,
9347,
3126,
2045,19028835.0
1292,
6909,16418703.0
1506,16934861.0
2668,31964815.0
1251,34502248.0
1804,27090301.0
7343,11440614.0
4435,35635152.0
5679,33724118.0
3106,12097810.0
5454,16042644.0
1903,37271136.0
1031,
7678,
4431,22750208.0
7239,
9309,
6364,
8397,27719438.0
4090,37649653.0
284,16226850.0
5314,19916063.0
512,
4480,13423940.0
643,29028939.0
4889,
8435,37185130.0
4094,36314881.0
3193,
6092,
2136,27287824.0
3276,
1876,
1293,
3474,14722707.0
2758,24316346.0
3220,
4101,
7079,37155171.0
7904,26223493.0
1951,18827290.0
3539,33910218.0
9303,16483730.0
7136,36704738.0
7310,11295326.0
3186,22321198.0
5274,35166140.0
9055,
6217,
4294,37128856.0
130,
6196,
8110,
5493,28385704.0
1631,14678064.0
4963,
9090,35528868.0
7748,22030715.0
2859,
6556,12399142.0
5088,28540033.0
5360,18068314.0
3284,20123936.0
9506,33860173.0
4188,
5888,16165104.0
176,
3908,32001125.0
2832,15664720.0
9199,9088780.0
8031,33719688.0
8611,36763263.0
2159,34750350.0
7390,
7072,34159666.0
3513,25586402.0
7379,31065350.0
6262,
2339,15367816.0
7588,34781182.0
68,32967000.0
6557,19154656.0
1613,28517366.0
6214,
5355,
2914,21140259.0
5906,22389087.0
3475,18488201.0
39878200,39878200.0
8662,11904134.0
2624,
2629,34592704.0
7529,32657223.0
9351,
9400,18043529.0
9113,22389081.0
6942,28196428.0
5159,29338538.0
5826,31896116.0
1097,19893331.0
3662,19995475.0
7160,36108798.0
2048,19893337.0
1957,
7749,22875863.0
6558,10693157.0
4095,34983261.0
4848,12598822.0
6622,31349134.0
593,36065128.0
7141,9778665.0
7470,34246008.0
3242,37291890.0
9220,
488,37532129.0
5047,32312692.0
5599,36521662.0
894,
5563,15925034.0
281,
4452,18520604.0
1687,
422,34758431.0
1286,24345398.0
7578,
9053,18771605.0
7928,23331284.0
5231,37275981.0
7785,
6629,32050110.0
3722,33815077.0
8972,
6878,33591231.0
49,
4105,27371497.0
1914,34653398.0
2005,
272,33767791.0
3181,26184011.0
4126,5352616.0
2076,
3104,10327426.0
5794,
7366,
8029,
489,35500840.0
7744,
4475,35388724.0
5041,37482224.0
9148,35105186.0
8346,
1711,11271410.0
5423,17541696.0
4916,35278826.0
1990,37858906.0
6081,
4657,21054283.0
8030,36720405.0
2891,36272145.0
8586,
1782,16149324.0
3095,11983191.0
8751,35057708.0
7398,33418362.0
1632,36848948.0
8913,10192823.0
1867,
3493,27896660.0
4044,35513876.0
6632,
419,30255717.0
5370,29922156.0
4181,32511073.0
5358,
4291,
6540,34406452.0
3597,35225726.0
5835,36263479.0
6260,
8494,
5508,
83,
9297,19896773.0
8837,33044358.0
520,21152030.0
4682,7612873.0
8298,18176855.0
4457,21126732.0
3197,8788485.0
4419,33620733.0
5275,26047623.0
1474,
9525,
30,33243929.0
1187,35997954.0
2224,19562632.0
3399,24232751.0
5605,
8812,
515,
863,19371462.0
5705,25056852.0
7451,
612,21860342.0
6515,33772794.0
2099,28701958.0
8663,11115327.0
8664,12496954.0
2872,36087563.0
2801,
7524,27856684.0
7897,36933948.0
5465,19955499.0
6006,
7489,35829812.0
3152,
5707,35501309.0
5199,35339828.0
1676,
6230,
9507,
5164,31147085.0
9251,16574714.0
4569,33723220.0
7653,35253070.0
1316,23096769.0
6808,34983255.0
7395,33914164.0
7716,
6192,
6303,30052496.0
387,25281999.0
2208,
6429,36401646.0
1677,
7871,16801660.0
6246,
63,17934989.0
1344,34658876.0
8073,30967330.0
9115,37888490.0
6261,
517,30967099.0
4678,
933,27496657.0
5091,31132450.0
4550,30371847.0
4100,37124269.0
2827,16166188.0
9593,34526064.0
4108,29661378.0
5514,33965843.0
7035,36097251.0
6237,
6679,
166,
2505,33226992.0
4685,11557159.0
9452,31773211.0
9181,35203296.0
2512,
8281,37905369.0
4072,
5552,29564482.0
9345,12773025.0
6603,10622275.0
3787,20378736.0
5426,35046855.0
4091,
6248,
4049,15975736.0
8070,
4936,20519326.0
8069,
6978,28637246.0
3525,33362594.0
1385,24330505.0
6536,33031815.0
8334,
2783,30455187.0
8294,17019896.0
9487,22516044.0
2129,30917760.0
5681,
807,
1800,37031827.0
8686,
6952,
3012,36381758.0
5204,30685771.0
2787,30245459.0
5160,
9158,30205257.0
7300,33196839.0
9069,21831535.0
6210,
6985,35609684.0
6638,28810159.0
377,20477754.0
2301,33264267.0
1294,
101,
1211,31973684.0
4087,
6631,35601078.0
8907,9109107.0
1387,34979428.0
7279,
3205,12211882.0
6752,
9089,36218281.0
8343,20824211.0
2554,
4084,35905796.0
2784,
5320,35213554.0
3661,
7948,36513161.0
5740,36107702.0
132,
8037,26216565.0
2737,16891342.0
6179,
3340,
7472,31401601.0
5734,
8554,30174629.0
38702496,38702496.0
8026,37523886.0
872,
6017,
3534,16179502.0
9544,23006246.0
4724,20924751.0
7041,36873994.0
5736,37740024.0
7039,34440023.0
8945,18325673.0
5806,
8287,
1947,34566723.0
2486,26003336.0
39695323,39695323.0
6111,
4788,36515406.0
2667,28631526.0
4695,15922530.0
4915,37451434.0
4030,23848405.0
8271,26967321.0
381,803203.0
7113,29187151.0
1847,20817105.0
7278,
6599,11300507.0
1689,
9010,20865876.0
8722,26003508.0
4865,7741286.0
1596,
1683,17591660.0
7960,
1899,30290701.0
901,
8172,
3721,19231245.0
3768,31572246.0
6569,25451430.0
9057,
2040,9243683.0
5418,27939599.0
3101,9862081.0
5881,35221019.0
9444,25524139.0
7030,
4130,29964094.0
7735,24326395.0
4266,32811575.0
9078,
1363,37599279.0
7146,34867548.0
4380,28318897.0
8938,25609214.0
5846,
9545,24613031.0
2942,11304647.0
7274,
3609,
6703,32932162.0
7290,17523580.0
1142,34313217.0
8282,35959442.0
3273,35176492.0
2950,
4505,28625125.0
5135,24955551.0
7700,10867553.0
2854,
8549,32475989.0
946,
8915,10696831.0
1227,
4184,18855243.0
5063,
2131,38089057.0
9299,
3345,29366418.0
9256,37065886.0
3614,33120302.0
2100,25542574.0
1833,19398164.0
6293,
5394,34665021.0
3859,
1466,35484001.0
1798,32250059.0
8924,
5727,29216523.0
8316,
505,
403,32362241.0
6073,
3803,
7308,22514127.0
4205,36207167.0
7583,35045580.0
4774,32629675.0
8514,16456728.0
1872,
5205,
1873,
107,
2264,
3003,25651476.0
1459,28810160.0
2394,
8851,37398579.0
1322,15688092.0
8670,33853069.0
1084,30967101.0
2357,34666554.0
8876,
8826,
248,33043883.0
2485,26589393.0
1004,12810141.0
4553,36328419.0
7685,
4562,11750186.0
4559,
8717,33928421.0
1743,7913938.0
6063,
6879,
6052,
7873,32116806.0
7150,
96,19874650.0
6166,
7336,29482596.0
6866,16099938.0
4316,18254766.0
6639,
2478,
5323,
7754,35724682.0
7380,36947216.0
516,27403159.0
8004,33134270.0
6681,
6056,
7410,20011904.0
7411,
6657,8471695.0
5990,34348413.0
5461,7593721.0
900,37599880.0
3487,
7234,17390566.0
171,
3005,37516904.0
3035,
2724,19436994.0
7028,16536885.0
6803,
6430,28443703.0
7872,30816808.0
8780,
7299,
8829,28641132.0
8305,22269534.0
736,13332097.0
8737,
4522,31995812.0
2562,
928,
6628,27296977.0
126,
1628,15961251.0
4871,35964449.0
2066,
1320,17874073.0
7185,19928391.0
1003,19671249.0
6721,
9346,
6636,37605471.0
4417,
2657,
6868,
5741,11734153.0
6637,32813326.0
1150,32435447.0
7162,
6887,37582633.0
6532,
1634,20397876.0
4561,17523581.0
2718,16163516.0
3210,32415750.0
8787,22076245.0
6617,31909513.0
7315,
6226,
3955,
1616,
3433,17165370.0
6143,
2666,11697543.0
2585,20064697.0
3973,
6048,
1626,
7473,
5489,
3698,37102811.0
2775,
3512,29039233.0
8877,35910354.0
582,
4097,35090364.0
6762,
7709,
4764,33535907.0
3514,16048833.0
7799,21983032.0
3785,22574166.0
6763,
1928,
4564,
3690,37875227.0
1204,36301215.0
9557,
6083,
932,13680074.0
2192,
9343,12379052.0
7636,38065009.0
5035,
2736,7095.0
2917,32141682.0
7043,29563072.0
3006,35001856.0
7058,28132813.0
7394,
84,
8148,
7747,27253829.0
7888,
39669539,39669539.0
5823,
6735,19320366.0
1643,20385373.0
4933,
1802,30769072.0
2790,
6308,
5601,24511272.0
4110,29538516.0
2024,
2327,
3786,24103254.0
6333,
8873,30589533.0
3046,28556759.0
9401,17314013.0
6117,
8561,31600615.0
1431,37579883.0
646,16783813.0
6849,23846402.0
5183,24342420.0
2782,29844496.0
7044,
8327,33860177.0
3717,20735217.0
2582,29128711.0
6151,
9445,
2484,
2057,36154799.0
2319,36880895.0
8223,
2648,30005328.0
4851,28182965.0
9004,35979054.0
1993,
8563,26819778.0
1878,37449499.0
8462,25404087.0
1137,12820748.0
95,
6129,
7690,30303861.0
6118,
9162,
4608,8934299.0
2218,
8715,33979006.0
1260,
6455,27423358.0
7307,
7091,
492,
7320,32546441.0
3362,
6188,
3239,36640755.0
606,
1774,36454414.0
8506,
7038,36498963.0
9433,
3527,
2220,
6036,
4993,
1256,37815125.0
9510,32903724.0
5393,35753499.0
8690,16890410.0
6315,
6267,
1335,8889677.0
2175,22459201.0
1071,14714102.0
4589,37394242.0
2751,
1985,36683973.0
3616,13908448.0
3268,25285845.0
7004,35616606.0
3778,22404145.0
3500,8889680.0
3325,
3779,22034656.0
1641,
1752,22967837.0
6478,18794647.0
1592,16174670.0
868,18949459.0
6177,
9439,16581197.0
4812,33793637.0
6754,12680739.0
4186,32403118.0
1971,34876085.0
6020,
98,35422467.0
5913,
5619,
8953,30890035.0
8426,
5570,21140258.0
9135,19242864.0
5645,
6938,
8025,36386967.0
5352,17300894.0
3602,
5455,17172780.0
1350,
5203,
8279,12127388.0
496,
6826,30268528.0
1002,29947220.0
611,19168553.0
1200,10404423.0
4803,21439152.0
3781,23857311.0
7342,
2077,
7642,17532158.0
4052,5806791.0
6707,15007594.0
3613,31173412.0
642,32454209.0
2812,
905,
3098,
9403,24755722.0
4114,
7701,
5125,36434963.0
8952,34262496.0
6953,11991532.0
7536,36735751.0
2313,32387868.0
6572,10080649.0
2205,33343372.0
8014,21715530.0
2636,23272201.0
9252,35253518.0
8064,34269257.0
1201,8889686.0
8785,34010748.0
5634,7903993.0
3296,19897389.0
7741,25498417.0
7829,24903002.0
8293,16987612.0
8270,26395866.0
8478,32103256.0
4453,18089653.0
6611,
1895,
6939,16858076.0
4048,18942018.0
7235,
3351,16870374.0
5417,19013726.0
2234,
2233,28457485.0
8846,
9255,
4047,16154519.0
4414,17023037.0
8946,
9540,
7708,16238150.0
8188,31220748.0
6663,
3524,10517560.0
4741,34115036.0
4392,16419398.0
6969,
2534,8889675.0
6624,37986705.0
5505,32560932.0
5630,
2488,
4166,33896589.0
6238,
3080,21912336.0
8171,
7827,11559034.0
3672,34293927.0
3673,
6549,36581170.0
815,33522376.0
8853,26055423.0
3913,34182381.0
2201,
7219,
9150,34708255.0
1274,23044373.0
5053,29029537.0
39289250,39289250.0
5015,
4919,32724131.0
3584,22424824.0
257,
5481,37264950.0
9300,18770077.0
2885,
1043,36162672.0
478,35230652.0
7714,
39168500,39168500.0
4418,
74,28272497.0
9310,19404898.0
8601,30950777.0
39095420,39095420.0
4624,16368653.0
2472,16681172.0
8872,29198060.0
5674,28972278.0
1065,
2064,
4680,
5790,26447937.0
5927,34038314.0
3856,
9159,11906800.0
9301,
5262,36652915.0
7798,21980168.0
3031,34909015.0
7505,20066400.0
222,22303032.0
300,10506904.0
5238,29608409.0
2746,33054495.0
97,23398568.0
3408,12096147.0
5371,
5336,19878141.0
1567,27192438.0
2348,25085036.0
416,
3902,20636166.0
6270,
3470,
5925,37947758.0
7430,12523450.0
4716,18093751.0
9529,
6256,
3425,14615876.0
7478,32631129.0
7293,36325995.0
832,329291.0
6265,
6854,
8027,35000559.0
2172,37551650.0
6428,32677861.0
8714,23476039.0
9513,11311178.0
1136,
8269,25371386.0
8727,
5392,
1709,
6289,
5251,37540000.0
4906,37441143.0
5946,15155311.0
7261,18316016.0
3982,22176970.0
51,33031536.0
4849,
4700,16510488.0
7356,15723231.0
9350,
40,
2094,31974022.0
2725,22829431.0
1358,27239011.0
1282,19585107.0
4401,11906799.0
8099,10071719.0
2433,22389244.0
6908,12908943.0
4444,33485158.0
4560,
4466,16002351.0
6172,
2970,
5131,16966390.0
1199,7892432.0
3802,
6018,
5983,
9352,
9372,
5973,649815.0
6154,
7332,27216487.0
4354,25735993.0
6223,
4863,25808913.0
4335,26880794.0
89,33762196.0
8534,
7633,
6127,
8523,35963018.0
2277,35149418.0
9378,35248899.0
3868,
2362,37594163.0
8050,33818313.0
4925,9788528.0
7292,34360453.0
5033,
1863,34468293.0
2577,
4843,30182795.0
1467,20732770.0
1095,9869367.0
9279,36428011.0
1639,26998697.0
2158,33009457.0
615,34210406.0
8366,
6165,
8871,31708815.0
7858,
8886,19804461.0
7357,
1056,
2834,
6140,
8499,27059209.0
2078,9924845.0
306,34979875.0
3121,37590474.0
9306,
7469,33140440.0
7544,34093190.0
5961,
3374,
7175,
7450,23197747.0
7724,26595349.0
7806,34026123.0
2072,
1094,11232860.0
1114,12906896.0
5909,
1321,15305143.0
8551,34815421.0
204,37052904.0
1551,25208727.0
1509,35012425.0
2177,28425095.0
2696,27592327.0
5239,9325559.0
3989,
9348,
4328,37550848.0
487,12202268.0
1869,32345112.0
2329,24830183.0
9077,11063920.0
7913,20206139.0
5359,
3772,
2221,19440186.0
5718,
8724,35338292.0
6614,
7805,
5060,
6988,
3162,36187507.0
5519,24703083.0
3619,6059087.0
318,5846431.0
4616,
7795,
5279,17535617.0
1927,17369000.0
7339,29291506.0
7457,27125770.0
4835,
2193,17950805.0
672,
6486,11697571.0
6865,17332148.0
2181,36900084.0
5004,9657222.0
4455,
5045,28749602.0
5064,37979525.0
4365,10908909.0
5104,36682063.0
5908,
8028,35981469.0
3091,
8890,
1762,23706680.0
2664,32627708.0
6164,
9371,22884969.0
4467,
887,37456653.0
6102,
4478,
8940,
7729,
670,25992796.0
3067,
2518,28926735.0
5939,757972.0
3607,9188821.0
861,18397574.0
4402,
8875,28117133.0
3278,34871422.0
4067,
3589,29621538.0
4238,
8493,
4846,37404962.0
4845,34616272.0
3660,
6394,34930220.0
596,32693321.0
8329,
8433,33643087.0
41792101,41792101.0
3212,20880437.0
1967,16864225.0
41859850,41859850.0
41857871,41857871.0
41842876,41842876.0
41837368,41837368.0
41828429,41828429.0
41825921,41825921.0
41825162,41825162.0
41819589,41819589.0
41805956,41805956.0
41800655,41800655.0
41797724,41797724.0
41796365,41796365.0
41788629,41788629.0
41784123,41784123.0
41780747,41780747.0
41773283,41773283.0
41747432,41747432.0
41747431,41747431.0
41741501,41741501.0
41741401,41741401.0
41740751,41740751.0
41732712,41732712.0
41699449,41699449.0
41713673,41713673.0
41708888,41708888.0
41707717,41707717.0
41700878,41700878.0
41699875,41699875.0
41699126,41699126.0
41698392,41698392.0
41693474,41693474.0
41691906,41691906.0
41690631,41690631.0
41690063,41690063.0
41688423,41688423.0
41687815,41687815.0
41667049,41667049.0
41662127,41662127.0
41656677,41656677.0
41650725,41650725.0
41643299,41643299.0
41642754,41642754.0
41634136,41634136.0
41633448,41633448.0
41622351,41622351.0
41619760,41619760.0
41617652,41617652.0
41616859,41616859.0
41612591,41612591.0
41611012,41611012.0
41607072,41607072.0
41588876,41588876.0
41587629,41587629.0
41581835,41581835.0
41581545,41581545.0
41561376,41561376.0
41577654,41577654.0
41577046,41577046.0
41568512,41568512.0
41566347,41566347.0
41563753,41563753.0
41558304,41558304.0
41529826,41529826.0
41529732,41529732.0
41521955,41521955.0
41521819,41521819.0
41517502,41517502.0
41502021,41502021.0
41497513,41497513.0
41485073,41485073.0
41484687,41484687.0
41479142,41479142.0
41392767,41392767.0
41475562,41475562.0
41468673,41468673.0
41459830,41459830.0
41456567,41456567.0
41450831,41450831.0
41424164,41424164.0
41417647,41417647.0
41410211,41410211.0
41410115,41410115.0
41407123,41407123.0
41368982,41368982.0
41362594,41362594.0
41359009,41359009.0
41344230,41344230.0
41342247,41342247.0
41330512,41330512.0
41205366,41205366.0
41202873,41202873.0
41326978,41326978.0
41315485,41315485.0
41314362,41314362.0
41310599,41310599.0
41309552,41309552.0
41132547,41132547.0
41308888,41308888.0
41305961,41305961.0
41299383,41299383.0
41291774,41291774.0
41285295,41285295.0
41279438,41279438.0
41266565,41266565.0
41265657,41265657.0
41265303,41265303.0
41262415,41262415.0
41261994,41261994.0
41257994,41257994.0
41255293,41255293.0
40583492,40583492.0
41249146,41249146.0
41235115,41235115.0
41228035,41228035.0
41224612,41224612.0
41208129,41208129.0
41201277,41201277.0
41201073,41201073.0
41198731,41198731.0
41191045,41191045.0
41190692,41190692.0
41187880,41187880.0
41186141,41186141.0
41186022,41186022.0
41184102,41184102.0
41178084,41178084.0
40581772,40581772.0
41177271,41177271.0
41176897,41176897.0
41173871,41173871.0
41173838,41173838.0
41152967,41152967.0
41152407,41152407.0
41139739,41139739.0
41138900,41138900.0
41134316,41134316.0
41123905,41123905.0
41122434,41122434.0
41121510,41121510.0
41117310,41117310.0
41117281,41117281.0
41112936,41112936.0
41110634,41110634.0
41109422,41109422.0
41109417,41109417.0
41109203,41109203.0
41101490,41101490.0
41099491,41099491.0
41089629,41089629.0
41086424,41086424.0
41084764,41084764.0
41082834,41082834.0
41082525,41082525.0
41073402,41073402.0
41058595,41058595.0
41051544,41051544.0
41050149,41050149.0
41046929,41046929.0
41036801,41036801.0
41035622,41035622.0
41030930,41030930.0
41027319,41027319.0
41026463,41026463.0
38351594,38351594.0
41010814,41010814.0
41004170,41004170.0
40999531,40999531.0
40999236,40999236.0
40974259,40974259.0
40974230,40974230.0
40972137,40972137.0
40958371,40958371.0
40933784,40933784.0
40933206,40933206.0
40418105,40418105.0
40930887,40930887.0
40930174,40930174.0
40926574,40926574.0
40917239,40917239.0
40907711,40907711.0
40900112,40900112.0
40899152,40899152.0
40896210,40896210.0
40894333,40894333.0
40413068,40413068.0
40894046,40894046.0
40890317,40890317.0
40889616,40889616.0
40885524,40885524.0
40883964,40883964.0
40882971,40882971.0
40882850,40882850.0
40879542,40879542.0
40879152,40879152.0
40850924,40850924.0
40858059,40858059.0
40856202,40856202.0
40844815,40844815.0
40842948,40842948.0
40836566,40836566.0
40834621,40834621.0
40834563,40834563.0
40831094,40831094.0
40819190,40819190.0
40800803,40800803.0
40800760,40800760.0
40800376,40800376.0
40795937,40795937.0
40767785,40767785.0
40767760,40767760.0
40760833,40760833.0
40750953,40750953.0
40743946,40743946.0
40736734,40736734.0
40730892,40730892.0
40710191,40710191.0
40708053,40708053.0
40707608,40707608.0
40702912,40702912.0
40684956,40684956.0
40683535,40683535.0
40669303,40669303.0
40668936,40668936.0
40668854,40668854.0
40662502,40662502.0
40659913,40659913.0
38326432,38326432.0
40658345,40658345.0
40654586,40654586.0
40645527,40645527.0
40643107,40643107.0
40643096,40643096.0
40641116,40641116.0
40639043,40639043.0
40637548,40637548.0
40635579,40635579.0
40536012,40536012.0
40628582,40628582.0
40623541,40623541.0
40619168,40619168.0
40618640,40618640.0
40614615,40614615.0
40607793,40607793.0
40601310,40601310.0
40574079,40574079.0
40563744,40563744.0
40554997,40554997.0
40547590,40547590.0
40541833,40541833.0
40536009,40536009.0
40532423,40532423.0
40530406,40530406.0
40530339,40530339.0
38247730,38247730.0
40528856,40528856.0
40528492,40528492.0
40523785,40523785.0
40522607,40522607.0
40518804,40518804.0
40515538,40515538.0
40499827,40499827.0
40492610,40492610.0
40488717,40488717.0
40484114,40484114.0
40482648,40482648.0
40473634,40473634.0
40468911,40468911.0
40446631,40446631.0
40459963,40459963.0
40458078,40458078.0
40457978,40457978.0
40456393,40456393.0
40441625,40441625.0
40440859,40440859.0
40440674,40440674.0
40435790,40435790.0
40419149,40419149.0
40411824,40411824.0
40400347,40400347.0
40385821,40385821.0
40382852,40382852.0
40162511,40162511.0
40381857,40381857.0
40356576,40356576.0
40353492,40353492.0
40337755,40337755.0
40337754,40337754.0
40337752,40337752.0
40331914,40331914.0
40329640,40329640.0
40328099,40328099.0
40324271,40324271.0
40320348,40320348.0
40320049,40320049.0
40319543,40319543.0
40319349,40319349.0
40311954,40311954.0
40311814,40311814.0
40305021,40305021.0
40305000,40305000.0
40289153,40289153.0
40288458,40288458.0
40215385,40215385.0
40287566,40287566.0
40285334,40285334.0
40284409,40284409.0
40281226,40281226.0
40251723,40251723.0
40279353,40279353.0
40274117,40274117.0
40266291,40266291.0
40264850,40264850.0
40259688,40259688.0
40258990,40258990.0
40258978,40258978.0
40254751,40254751.0
40251818,40251818.0
40251353,40251353.0
40247293,40247293.0
40245969,40245969.0
40245934,40245934.0
40233965,40233965.0
40226655,40226655.0
40209095,40209095.0
40205013,40205013.0
40188855,40188855.0
40185412,40185412.0
40176400,40176400.0
40171515,40171515.0
40170626,40170626.0
40168023,40168023.0
40165350,40165350.0
40163076,40163076.0
40153893,40153893.0
40147181,40147181.0
40144690,40144690.0
40140019,40140019.0
40138527,40138527.0
40129307,40129307.0
40129096,40129096.0
40127876,40127876.0
40105807,40105807.0
40097854,40097854.0
40094838,40094838.0
40087993,40087993.0
40059071,40059071.0
40058488,40058488.0
40052590,40052590.0
40051762,40051762.0
40051760,40051760.0
40051689,40051689.0
40051684,40051684.0
40051584,40051584.0
40051582,40051582.0
40051483,40051483.0
40049091,40049091.0
40047545,40047545.0
40015180,40015180.0
40032553,40032553.0
40031999,40031999.0
40022427,40022427.0
40020133,40020133.0
40018886,40018886.0
40012166,40012166.0
40007438,40007438.0
40005395,40005395.0
39979849,39979849.0
39973494,39973494.0
39971922,39971922.0
39970619,39970619.0
39955416,39955416.0
39946130,39946130.0
39940002,39940002.0
39937729,39937729.0
39937287,39937287.0
39935253,39935253.0
39929500,39929500.0
39928849,39928849.0
39878430,39878430.0
39926700,39926700.0
39923404,39923404.0
39915701,39915701.0
39915491,39915491.0
39912430,39912430.0
39908192,39908192.0
39899368,39899368.0
39895858,39895858.0
39891564,39891564.0
39889566,39889566.0
39887551,39887551.0
39886463,39886463.0
39882198,39882198.0
39876682,39876682.0
39853300,39853300.0
39847068,39847068.0
39839135,39839135.0
39838235,39838235.0
39834311,39834311.0
39834135,39834135.0
39832734,39832734.0
39829391,39829391.0
39823947,39823947.0
39823496,39823496.0
39821493,39821493.0
39812743,39812743.0
39810448,39810448.0
39086732,39086732.0
39802794,39802794.0
39792340,39792340.0
39788410,39788410.0
39787428,39787428.0
39775022,39775022.0
39774840,39774840.0
39773202,39773202.0
39764567,39764567.0
39763417,39763417.0
39754904,39754904.0
39741446,39741446.0
39741440,39741440.0
39741437,39741437.0
39741155,39741155.0
39702577,39702577.0
39732947,39732947.0
39719633,39719633.0
39713770,39713770.0
39706482,39706482.0
39706223,39706223.0
39688236,39688236.0
39675677,39675677.0
39674325,39674325.0
39672260,39672260.0
39670342,39670342.0
39655749,39655749.0
39654264,39654264.0
39653344,39653344.0
39642450,39642450.0
39641126,39641126.0
39636638,39636638.0
39631703,39631703.0
39628414,39628414.0
39627679,39627679.0
39614620,39614620.0
39613915,39613915.0
39611487,39611487.0
39609659,39609659.0
39608193,39608193.0
39592887,39592887.0
39592825,39592825.0
39587436,39587436.0
39581291,39581291.0
39576028,39576028.0
39564613,39564613.0
39560018,39560018.0
39556562,39556562.0
39549887,39549887.0
39546312,39546312.0
39529994,39529994.0
39532819,39532819.0
39531488,39531488.0
39522447,39522447.0
39514643,39514643.0
39506378,39506378.0
39326589,39326589.0
39503404,39503404.0
39499526,39499526.0
39480198,39480198.0
39468512,39468512.0
39467856,39467856.0
39447981,39447981.0
39446753,39446753.0
39441085,39441085.0
39428872,39428872.0
39427449,39427449.0
39397094,39397094.0
39389119,39389119.0
39382685,39382685.0
39381877,39381877.0
39376971,39376971.0
39372842,39372842.0
39365203,39365203.0
39364380,39364380.0
39354706,39354706.0
39349427,39349427.0
39343309,39343309.0
39342105,39342105.0
39341294,39341294.0
39340637,39340637.0
39340164,39340164.0
39332580,39332580.0
39318021,39318021.0
39311825,39311825.0
39308443,39308443.0
39302087,39302087.0
39301949,39301949.0
39301810,39301810.0
39282928,39282928.0
39262902,39262902.0
39261671,39261671.0
39260823,39260823.0
39252913,39252913.0
39251080,39251080.0
39235512,39235512.0
39231959,39231959.0
39230883,39230883.0
39226935,39226935.0
39223855,39223855.0
39222174,39222174.0
39218315,39218315.0
39214377,39214377.0
39210712,39210712.0
39207673,39207673.0
39199520,39199520.0
39193583,39193583.0
39184713,39184713.0
39182140,39182140.0
39179638,39179638.0
39165942,39165942.0
39160473,39160473.0
39156335,39156335.0
39135498,39135498.0
39135496,39135496.0
39132012,39132012.0
39128167,39128167.0
39116153,39116153.0
39111088,39111088.0
39107286,39107286.0
39078038,39078038.0
39071471,39071471.0
39068714,39068714.0
39054328,39054328.0
39050106,39050106.0
39009578,39009578.0
39028544,39028544.0
39026266,39026266.0
39020167,39020167.0
39019922,39019922.0
39018703,39018703.0
38994348,38994348.0
38988455,38988455.0
38982828,38982828.0
38979507,38979507.0
38971895,38971895.0
38969374,38969374.0
38957734,38957734.0
38956594,38956594.0
38942147,38942147.0
38925307,38925307.0
38922637,38922637.0
38917771,38917771.0
38916891,38916891.0
38914860,38914860.0
38901389,38901389.0
38896930,38896930.0
38888164,38888164.0
38883812,38883812.0
38865906,38865906.0
38863284,38863284.0
38862674,38862674.0
38858391,38858391.0
38850581,38850581.0
38849859,38849859.0
38849218,38849218.0
38780800,38780800.0
38842300,38842300.0
38834540,38834540.0
38820851,38820851.0
38820373,38820373.0
38773523,38773523.0
38814267,38814267.0
38810787,38810787.0
38808490,38808490.0
38795698,38795698.0
38772940,38772940.0
38771189,38771189.0
38755245,38755245.0
38753585,38753585.0
38750191,38750191.0
38744161,38744161.0
38729297,38729297.0
38722197,38722197.0
38714931,38714931.0
38710325,38710325.0
38696221,38696221.0
38692731,38692731.0
38692686,38692686.0
38688118,38688118.0
38687857,38687857.0
38683460,38683460.0
38658886,38658886.0
38658877,38658877.0
38654146,38654146.0
38653350,38653350.0
38642447,38642447.0
38637983,38637983.0
38636712,38636712.0
38632313,38632313.0
38629811,38629811.0
38615429,38615429.0
38626643,38626643.0
38622150,38622150.0
38618282,38618282.0
38616411,38616411.0
38497863,38497863.0
38605658,38605658.0
38598236,38598236.0
38588855,38588855.0
38581739,38581739.0
38573154,38573154.0
38570038,38570038.0
38562294,38562294.0
38557430,38557430.0
38554563,38554563.0
38539636,38539636.0
38537759,38537759.0
38531905,38531905.0
38523183,38523183.0
38522166,38522166.0
38522144,38522144.0
38520045,38520045.0
38518270,38518270.0
38518268,38518268.0
38518267,38518267.0
38498317,38498317.0
38496341,38496341.0
40656108,40656108.0
38485474,38485474.0
38483940,38483940.0
38479192,38479192.0
38472415,38472415.0
38464275,38464275.0
38446480,38446480.0
38430614,38430614.0
38428531,38428531.0
38426002,38426002.0
38423367,38423367.0
38408742,38408742.0
38402253,38402253.0
38389788,38389788.0
38382237,38382237.0
38378088,38378088.0
38377244,38377244.0
38372190,38372190.0
38363085,38363085.0
38359838,38359838.0
38347582,38347582.0
38341606,38341606.0
38340111,38340111.0
38326446,38326446.0
38326357,38326357.0
38326104,38326104.0
38317077,38317077.0
38316896,38316896.0
38311367,38311367.0
38311046,38311046.0
38310748,38310748.0
38302067,38302067.0
38293803,38293803.0
38287453,38287453.0
38287172,38287172.0
38286233,38286233.0
38279662,38279662.0
38279085,38279085.0
38274414,38274414.0
38272875,38272875.0
38247407,38247407.0
38266928,38266928.0
38264636,38264636.0
38264632,38264632.0
38262735,38262735.0
38244804,38244804.0
38243266,38243266.0
38240068,38240068.0
38238974,38238974.0
38185235,38185235.0
38228068,38228068.0
38225795,38225795.0
38224070,38224070.0
38214686,38214686.0
38211748,38211748.0
38206011,38206011.0
38200438,38200438.0
38199421,38199421.0
38198456,38198456.0
38194244,38194244.0
38188539,38188539.0
38182784,38182784.0
38179107,38179107.0
40046864,40046864.0
40046861,40046861.0
40656968,40656968.0
40046570,40046570.0
40046569,40046569.0
40224581,40224581.0
40047007,40047007.0
40656221,40656221.0
40656230,40656230.0
38235248,38235248.0
